Site,Gene,Sample,Length
chr18_47827453,SMAD2,HG03492,0
chr18_47827453,SMAD2,HG04217,481
chr18_47827453,SMAD2,HG02080,0
chr18_47827453,SMAD2,HX1,0
chr18_47827453,SMAD2,AK1,0
chr18_47827453,SMAD2,HG02059,0
chr18_47827453,SMAD2,HG00514,0
chr18_47827453,SMAD2,HG01352,0
chr18_47827453,SMAD2,HG02106,0
chr18_47827453,SMAD2,GM24143,0
chr18_47827453,SMAD2,HG002,487
chr18_47827453,SMAD2,NA12878,484
chr18_47827453,SMAD2,HG002,487
chr18_47827453,SMAD2,HG03098,0
chr18_47827453,SMAD2,HG02055,460
chr18_47827453,SMAD2,HG01243,0
chr18_47827453,SMAD2,HG02723,466
chr18_47827453,SMAD2,NA19240,0
chr18_47827453,SMAD2,HG00733,0
chr18_47827453,SMAD2,NA19434,0
chr18_47827453,SMAD2,HG02818,0
chr19_36490463,CTD-2630F21.1,HG03492,0
chr19_36490463,CTD-2630F21.1,HG04217,689
chr19_36490463,CTD-2630F21.1,HG02080,0
chr19_36490463,CTD-2630F21.1,HX1,690
chr19_36490463,CTD-2630F21.1,AK1,0
chr19_36490463,CTD-2630F21.1,HG02059,708
chr19_36490463,CTD-2630F21.1,HG00514,0
chr19_36490463,CTD-2630F21.1,HG01352,645
chr19_36490463,CTD-2630F21.1,HG02106,0
chr19_36490463,CTD-2630F21.1,GM24143,0
chr19_36490463,CTD-2630F21.1,HG002,696
chr19_36490463,CTD-2630F21.1,NA12878,781
chr19_36490463,CTD-2630F21.1,HG002,696
chr19_36490463,CTD-2630F21.1,HG03098,0
chr19_36490463,CTD-2630F21.1,HG02055,0
chr19_36490463,CTD-2630F21.1,HG01243,0
chr19_36490463,CTD-2630F21.1,HG02723,462
chr19_36490463,CTD-2630F21.1,NA19240,0
chr19_36490463,CTD-2630F21.1,HG00733,653
chr19_36490463,CTD-2630F21.1,NA19434,0
chr19_36490463,CTD-2630F21.1,HG02818,0
chr2_201165588,AC007283.5,HG03492,0
chr2_201165588,AC007283.5,HG04217,366
chr2_201165588,AC007283.5,HG02080,0
chr2_201165588,AC007283.5,HX1,0
chr2_201165588,AC007283.5,AK1,0
chr2_201165588,AC007283.5,HG02059,0
chr2_201165588,AC007283.5,HG00514,0
chr2_201165588,AC007283.5,HG01352,0
chr2_201165588,AC007283.5,HG02106,450
chr2_201165588,AC007283.5,GM24143,0
chr2_201165588,AC007283.5,HG002,365
chr2_201165588,AC007283.5,NA12878,368
chr2_201165588,AC007283.5,HG002,365
chr2_201165588,AC007283.5,HG03098,0
chr2_201165588,AC007283.5,HG02055,288
chr2_201165588,AC007283.5,HG01243,312
chr2_201165588,AC007283.5,HG02723,0
chr2_201165588,AC007283.5,NA19240,0
chr2_201165588,AC007283.5,HG00733,0
chr2_201165588,AC007283.5,NA19434,374
chr2_201165588,AC007283.5,HG02818,0
chr9_122851458,RC3H2,HG03492,0
chr9_122851458,RC3H2,HG04217,0
chr9_122851458,RC3H2,HG02080,0
chr9_122851458,RC3H2,HX1,0
chr9_122851458,RC3H2,AK1,955
chr9_122851458,RC3H2,HG02059,0
chr9_122851458,RC3H2,HG00514,0
chr9_122851458,RC3H2,HG01352,0
chr9_122851458,RC3H2,HG02106,0
chr9_122851458,RC3H2,GM24143,0
chr9_122851458,RC3H2,HG002,0
chr9_122851458,RC3H2,NA12878,0
chr9_122851458,RC3H2,HG002,0
chr9_122851458,RC3H2,HG03098,0
chr9_122851458,RC3H2,HG02055,0
chr9_122851458,RC3H2,HG01243,0
chr9_122851458,RC3H2,HG02723,0
chr9_122851458,RC3H2,NA19240,0
chr9_122851458,RC3H2,HG00733,0
chr9_122851458,RC3H2,NA19434,0
chr9_122851458,RC3H2,HG02818,0
chr2_27358784,AC074117.10,HG03492,0
chr2_27358784,AC074117.10,HG04217,0
chr2_27358784,AC074117.10,HG02080,0
chr2_27358784,AC074117.10,HX1,0
chr2_27358784,AC074117.10,AK1,632
chr2_27358784,AC074117.10,HG02059,0
chr2_27358784,AC074117.10,HG00514,0
chr2_27358784,AC074117.10,HG01352,0
chr2_27358784,AC074117.10,HG02106,0
chr2_27358784,AC074117.10,GM24143,0
chr2_27358784,AC074117.10,HG002,505
chr2_27358784,AC074117.10,NA12878,594
chr2_27358784,AC074117.10,HG002,505
chr2_27358784,AC074117.10,HG03098,0
chr2_27358784,AC074117.10,HG02055,423
chr2_27358784,AC074117.10,HG01243,453
chr2_27358784,AC074117.10,HG02723,0
chr2_27358784,AC074117.10,NA19240,0
chr2_27358784,AC074117.10,HG00733,0
chr2_27358784,AC074117.10,NA19434,0
chr2_27358784,AC074117.10,HG02818,0
chr2_65599972,AC007389.3,HG03492,0
chr2_65599972,AC007389.3,HG04217,1498
chr2_65599972,AC007389.3,HG02080,2106
chr2_65599972,AC007389.3,HX1,770
chr2_65599972,AC007389.3,AK1,0
chr2_65599972,AC007389.3,HG02059,0
chr2_65599972,AC007389.3,HG00514,761
chr2_65599972,AC007389.3,HG01352,0
chr2_65599972,AC007389.3,HG02106,770
chr2_65599972,AC007389.3,GM24143,1918
chr2_65599972,AC007389.3,HG002,1531
chr2_65599972,AC007389.3,NA12878,0
chr2_65599972,AC007389.3,HG002,1531
chr2_65599972,AC007389.3,HG03098,0
chr2_65599972,AC007389.3,HG02055,0
chr2_65599972,AC007389.3,HG01243,1778
chr2_65599972,AC007389.3,HG02723,0
chr2_65599972,AC007389.3,NA19240,0
chr2_65599972,AC007389.3,HG00733,0
chr2_65599972,AC007389.3,NA19434,0
chr2_65599972,AC007389.3,HG02818,780
chr5_43577640,RP11-159F24.1,HG03492,0
chr5_43577640,RP11-159F24.1,HG04217,0
chr5_43577640,RP11-159F24.1,HG02080,0
chr5_43577640,RP11-159F24.1,HX1,0
chr5_43577640,RP11-159F24.1,AK1,0
chr5_43577640,RP11-159F24.1,HG02059,550
chr5_43577640,RP11-159F24.1,HG00514,0
chr5_43577640,RP11-159F24.1,HG01352,0
chr5_43577640,RP11-159F24.1,HG02106,0
chr5_43577640,RP11-159F24.1,GM24143,407
chr5_43577640,RP11-159F24.1,HG002,506
chr5_43577640,RP11-159F24.1,NA12878,467
chr5_43577640,RP11-159F24.1,HG002,506
chr5_43577640,RP11-159F24.1,HG03098,0
chr5_43577640,RP11-159F24.1,HG02055,453
chr5_43577640,RP11-159F24.1,HG01243,0
chr5_43577640,RP11-159F24.1,HG02723,0
chr5_43577640,RP11-159F24.1,NA19240,448
chr5_43577640,RP11-159F24.1,HG00733,0
chr5_43577640,RP11-159F24.1,NA19434,0
chr5_43577640,RP11-159F24.1,HG02818,0
chr15_82997173,C15orf40,HG03492,0
chr15_82997173,C15orf40,HG04217,0
chr15_82997173,C15orf40,HG02080,0
chr15_82997173,C15orf40,HX1,0
chr15_82997173,C15orf40,AK1,0
chr15_82997173,C15orf40,HG02059,0
chr15_82997173,C15orf40,HG00514,822
chr15_82997173,C15orf40,HG01352,921
chr15_82997173,C15orf40,HG02106,983
chr15_82997173,C15orf40,GM24143,0
chr15_82997173,C15orf40,HG002,849
chr15_82997173,C15orf40,NA12878,0
chr15_82997173,C15orf40,HG002,849
chr15_82997173,C15orf40,HG03098,0
chr15_82997173,C15orf40,HG02055,0
chr15_82997173,C15orf40,HG01243,0
chr15_82997173,C15orf40,HG02723,0
chr15_82997173,C15orf40,NA19240,959
chr15_82997173,C15orf40,HG00733,0
chr15_82997173,C15orf40,NA19434,0
chr15_82997173,C15orf40,HG02818,0
chr14_35823941,RP11-317N8.5,HG03492,0
chr14_35823941,RP11-317N8.5,HG04217,0
chr14_35823941,RP11-317N8.5,HG02080,0
chr14_35823941,RP11-317N8.5,HX1,0
chr14_35823941,RP11-317N8.5,AK1,0
chr14_35823941,RP11-317N8.5,HG02059,0
chr14_35823941,RP11-317N8.5,HG00514,567
chr14_35823941,RP11-317N8.5,HG01352,0
chr14_35823941,RP11-317N8.5,HG02106,0
chr14_35823941,RP11-317N8.5,GM24143,0
chr14_35823941,RP11-317N8.5,HG002,615
chr14_35823941,RP11-317N8.5,NA12878,0
chr14_35823941,RP11-317N8.5,HG002,615
chr14_35823941,RP11-317N8.5,HG03098,0
chr14_35823941,RP11-317N8.5,HG02055,0
chr14_35823941,RP11-317N8.5,HG01243,589
chr14_35823941,RP11-317N8.5,HG02723,0
chr14_35823941,RP11-317N8.5,NA19240,617
chr14_35823941,RP11-317N8.5,HG00733,0
chr14_35823941,RP11-317N8.5,NA19434,0
chr14_35823941,RP11-317N8.5,HG02818,0
chr15_84672275,SEC11A,HG03492,0
chr15_84672275,SEC11A,HG04217,491
chr15_84672275,SEC11A,HG02080,0
chr15_84672275,SEC11A,HX1,0
chr15_84672275,SEC11A,AK1,0
chr15_84672275,SEC11A,HG02059,0
chr15_84672275,SEC11A,HG00514,0
chr15_84672275,SEC11A,HG01352,493
chr15_84672275,SEC11A,HG02106,0
chr15_84672275,SEC11A,GM24143,0
chr15_84672275,SEC11A,HG002,496
chr15_84672275,SEC11A,NA12878,0
chr15_84672275,SEC11A,HG002,496
chr15_84672275,SEC11A,HG03098,0
chr15_84672275,SEC11A,HG02055,0
chr15_84672275,SEC11A,HG01243,0
chr15_84672275,SEC11A,HG02723,460
chr15_84672275,SEC11A,NA19240,497
chr15_84672275,SEC11A,HG00733,0
chr15_84672275,SEC11A,NA19434,495
chr15_84672275,SEC11A,HG02818,0
chr12_66133893,RP11-745O10.4,HG03492,0
chr12_66133893,RP11-745O10.4,HG04217,0
chr12_66133893,RP11-745O10.4,HG02080,0
chr12_66133893,RP11-745O10.4,HX1,0
chr12_66133893,RP11-745O10.4,AK1,0
chr12_66133893,RP11-745O10.4,HG02059,0
chr12_66133893,RP11-745O10.4,HG00514,0
chr12_66133893,RP11-745O10.4,HG01352,0
chr12_66133893,RP11-745O10.4,HG02106,0
chr12_66133893,RP11-745O10.4,GM24143,0
chr12_66133893,RP11-745O10.4,HG002,0
chr12_66133893,RP11-745O10.4,NA12878,1080
chr12_66133893,RP11-745O10.4,HG002,0
chr12_66133893,RP11-745O10.4,HG03098,0
chr12_66133893,RP11-745O10.4,HG02055,1055
chr12_66133893,RP11-745O10.4,HG01243,0
chr12_66133893,RP11-745O10.4,HG02723,0
chr12_66133893,RP11-745O10.4,NA19240,0
chr12_66133893,RP11-745O10.4,HG00733,0
chr12_66133893,RP11-745O10.4,NA19434,0
chr12_66133893,RP11-745O10.4,HG02818,0
chr3_15162006,COL6A4P1,HG03492,0
chr3_15162006,COL6A4P1,HG04217,0
chr3_15162006,COL6A4P1,HG02080,0
chr3_15162006,COL6A4P1,HX1,0
chr3_15162006,COL6A4P1,AK1,0
chr3_15162006,COL6A4P1,HG02059,0
chr3_15162006,COL6A4P1,HG00514,0
chr3_15162006,COL6A4P1,HG01352,1130
chr3_15162006,COL6A4P1,HG02106,1054
chr3_15162006,COL6A4P1,GM24143,0
chr3_15162006,COL6A4P1,HG002,1131
chr3_15162006,COL6A4P1,NA12878,0
chr3_15162006,COL6A4P1,HG002,1131
chr3_15162006,COL6A4P1,HG03098,998
chr3_15162006,COL6A4P1,HG02055,1079
chr3_15162006,COL6A4P1,HG01243,1053
chr3_15162006,COL6A4P1,HG02723,1065
chr3_15162006,COL6A4P1,NA19240,1166
chr3_15162006,COL6A4P1,HG00733,0
chr3_15162006,COL6A4P1,NA19434,1100
chr3_15162006,COL6A4P1,HG02818,0
chr1_151768667,TDRKH,HG03492,0
chr1_151768667,TDRKH,HG04217,542
chr1_151768667,TDRKH,HG02080,0
chr1_151768667,TDRKH,HX1,0
chr1_151768667,TDRKH,AK1,0
chr1_151768667,TDRKH,HG02059,0
chr1_151768667,TDRKH,HG00514,594
chr1_151768667,TDRKH,HG01352,0
chr1_151768667,TDRKH,HG02106,0
chr1_151768667,TDRKH,GM24143,0
chr1_151768667,TDRKH,HG002,552
chr1_151768667,TDRKH,NA12878,573
chr1_151768667,TDRKH,HG002,552
chr1_151768667,TDRKH,HG03098,0
chr1_151768667,TDRKH,HG02055,0
chr1_151768667,TDRKH,HG01243,0
chr1_151768667,TDRKH,HG02723,518
chr1_151768667,TDRKH,NA19240,477
chr1_151768667,TDRKH,HG00733,0
chr1_151768667,TDRKH,NA19434,0
chr1_151768667,TDRKH,HG02818,0
chr14_50956282,RP11-218E20.3,HG03492,0
chr14_50956282,RP11-218E20.3,HG04217,0
chr14_50956282,RP11-218E20.3,HG02080,317
chr14_50956282,RP11-218E20.3,HX1,272
chr14_50956282,RP11-218E20.3,AK1,0
chr14_50956282,RP11-218E20.3,HG02059,0
chr14_50956282,RP11-218E20.3,HG00514,0
chr14_50956282,RP11-218E20.3,HG01352,350
chr14_50956282,RP11-218E20.3,HG02106,0
chr14_50956282,RP11-218E20.3,GM24143,261
chr14_50956282,RP11-218E20.3,HG002,279
chr14_50956282,RP11-218E20.3,NA12878,0
chr14_50956282,RP11-218E20.3,HG002,279
chr14_50956282,RP11-218E20.3,HG03098,0
chr14_50956282,RP11-218E20.3,HG02055,320
chr14_50956282,RP11-218E20.3,HG01243,345
chr14_50956282,RP11-218E20.3,HG02723,0
chr14_50956282,RP11-218E20.3,NA19240,0
chr14_50956282,RP11-218E20.3,HG00733,290
chr14_50956282,RP11-218E20.3,NA19434,329
chr14_50956282,RP11-218E20.3,HG02818,0
chr1_161422259,RP11-122G18.12,HG03492,0
chr1_161422259,RP11-122G18.12,HG04217,610
chr1_161422259,RP11-122G18.12,HG02080,0
chr1_161422259,RP11-122G18.12,HX1,0
chr1_161422259,RP11-122G18.12,AK1,0
chr1_161422259,RP11-122G18.12,HG02059,0
chr1_161422259,RP11-122G18.12,HG00514,910
chr1_161422259,RP11-122G18.12,HG01352,0
chr1_161422259,RP11-122G18.12,HG02106,0
chr1_161422259,RP11-122G18.12,GM24143,0
chr1_161422259,RP11-122G18.12,HG002,616
chr1_161422259,RP11-122G18.12,NA12878,1287
chr1_161422259,RP11-122G18.12,HG002,616
chr1_161422259,RP11-122G18.12,HG03098,0
chr1_161422259,RP11-122G18.12,HG02055,0
chr1_161422259,RP11-122G18.12,HG01243,865
chr1_161422259,RP11-122G18.12,HG02723,0
chr1_161422259,RP11-122G18.12,NA19240,828
chr1_161422259,RP11-122G18.12,HG00733,0
chr1_161422259,RP11-122G18.12,NA19434,0
chr1_161422259,RP11-122G18.12,HG02818,0
chr11_85852347,RP11-700A24.1,HG03492,0
chr11_85852347,RP11-700A24.1,HG04217,260
chr11_85852347,RP11-700A24.1,HG02080,253
chr11_85852347,RP11-700A24.1,HX1,268
chr11_85852347,RP11-700A24.1,AK1,0
chr11_85852347,RP11-700A24.1,HG02059,272
chr11_85852347,RP11-700A24.1,HG00514,0
chr11_85852347,RP11-700A24.1,HG01352,0
chr11_85852347,RP11-700A24.1,HG02106,435
chr11_85852347,RP11-700A24.1,GM24143,0
chr11_85852347,RP11-700A24.1,HG002,261
chr11_85852347,RP11-700A24.1,NA12878,0
chr11_85852347,RP11-700A24.1,HG002,261
chr11_85852347,RP11-700A24.1,HG03098,203
chr11_85852347,RP11-700A24.1,HG02055,296
chr11_85852347,RP11-700A24.1,HG01243,0
chr11_85852347,RP11-700A24.1,HG02723,225
chr11_85852347,RP11-700A24.1,NA19240,269
chr11_85852347,RP11-700A24.1,HG00733,0
chr11_85852347,RP11-700A24.1,NA19434,0
chr11_85852347,RP11-700A24.1,HG02818,0
chr17_28603470,RP11-192H23.8,HG03492,0
chr17_28603470,RP11-192H23.8,HG04217,0
chr17_28603470,RP11-192H23.8,HG02080,875
chr17_28603470,RP11-192H23.8,HX1,0
chr17_28603470,RP11-192H23.8,AK1,0
chr17_28603470,RP11-192H23.8,HG02059,0
chr17_28603470,RP11-192H23.8,HG00514,0
chr17_28603470,RP11-192H23.8,HG01352,0
chr17_28603470,RP11-192H23.8,HG02106,0
chr17_28603470,RP11-192H23.8,GM24143,0
chr17_28603470,RP11-192H23.8,HG002,869
chr17_28603470,RP11-192H23.8,NA12878,830
chr17_28603470,RP11-192H23.8,HG002,869
chr17_28603470,RP11-192H23.8,HG03098,868
chr17_28603470,RP11-192H23.8,HG02055,0
chr17_28603470,RP11-192H23.8,HG01243,0
chr17_28603470,RP11-192H23.8,HG02723,0
chr17_28603470,RP11-192H23.8,NA19240,0
chr17_28603470,RP11-192H23.8,HG00733,0
chr17_28603470,RP11-192H23.8,NA19434,868
chr17_28603470,RP11-192H23.8,HG02818,0
chr7_101091763,TRIM56,HG03492,0
chr7_101091763,TRIM56,HG04217,558
chr7_101091763,TRIM56,HG02080,0
chr7_101091763,TRIM56,HX1,0
chr7_101091763,TRIM56,AK1,0
chr7_101091763,TRIM56,HG02059,524
chr7_101091763,TRIM56,HG00514,551
chr7_101091763,TRIM56,HG01352,0
chr7_101091763,TRIM56,HG02106,457
chr7_101091763,TRIM56,GM24143,452
chr7_101091763,TRIM56,HG002,478
chr7_101091763,TRIM56,NA12878,0
chr7_101091763,TRIM56,HG002,478
chr7_101091763,TRIM56,HG03098,504
chr7_101091763,TRIM56,HG02055,0
chr7_101091763,TRIM56,HG01243,517
chr7_101091763,TRIM56,HG02723,455
chr7_101091763,TRIM56,NA19240,0
chr7_101091763,TRIM56,HG00733,0
chr7_101091763,TRIM56,NA19434,515
chr7_101091763,TRIM56,HG02818,0
chr10_45259272,OR6D1P,HG03492,0
chr10_45259272,OR6D1P,HG04217,0
chr10_45259272,OR6D1P,HG02080,0
chr10_45259272,OR6D1P,HX1,0
chr10_45259272,OR6D1P,AK1,0
chr10_45259272,OR6D1P,HG02059,0
chr10_45259272,OR6D1P,HG00514,0
chr10_45259272,OR6D1P,HG01352,0
chr10_45259272,OR6D1P,HG02106,0
chr10_45259272,OR6D1P,GM24143,0
chr10_45259272,OR6D1P,HG002,624
chr10_45259272,OR6D1P,NA12878,0
chr10_45259272,OR6D1P,HG002,624
chr10_45259272,OR6D1P,HG03098,0
chr10_45259272,OR6D1P,HG02055,0
chr10_45259272,OR6D1P,HG01243,557
chr10_45259272,OR6D1P,HG02723,0
chr10_45259272,OR6D1P,NA19240,602
chr10_45259272,OR6D1P,HG00733,0
chr10_45259272,OR6D1P,NA19434,0
chr10_45259272,OR6D1P,HG02818,0
chr5_138810554,CTNNA1,HG03492,0
chr5_138810554,CTNNA1,HG04217,0
chr5_138810554,CTNNA1,HG02080,596
chr5_138810554,CTNNA1,HX1,608
chr5_138810554,CTNNA1,AK1,647
chr5_138810554,CTNNA1,HG02059,0
chr5_138810554,CTNNA1,HG00514,621
chr5_138810554,CTNNA1,HG01352,621
chr5_138810554,CTNNA1,HG02106,0
chr5_138810554,CTNNA1,GM24143,548
chr5_138810554,CTNNA1,HG002,621
chr5_138810554,CTNNA1,NA12878,0
chr5_138810554,CTNNA1,HG002,621
chr5_138810554,CTNNA1,HG03098,588
chr5_138810554,CTNNA1,HG02055,578
chr5_138810554,CTNNA1,HG01243,600
chr5_138810554,CTNNA1,HG02723,585
chr5_138810554,CTNNA1,NA19240,517
chr5_138810554,CTNNA1,HG00733,0
chr5_138810554,CTNNA1,NA19434,0
chr5_138810554,CTNNA1,HG02818,0
chr17_30522805,GOSR1,HG03492,0
chr17_30522805,GOSR1,HG04217,0
chr17_30522805,GOSR1,HG02080,0
chr17_30522805,GOSR1,HX1,0
chr17_30522805,GOSR1,AK1,442
chr17_30522805,GOSR1,HG02059,0
chr17_30522805,GOSR1,HG00514,372
chr17_30522805,GOSR1,HG01352,0
chr17_30522805,GOSR1,HG02106,0
chr17_30522805,GOSR1,GM24143,0
chr17_30522805,GOSR1,HG002,0
chr17_30522805,GOSR1,NA12878,0
chr17_30522805,GOSR1,HG002,0
chr17_30522805,GOSR1,HG03098,0
chr17_30522805,GOSR1,HG02055,0
chr17_30522805,GOSR1,HG01243,345
chr17_30522805,GOSR1,HG02723,0
chr17_30522805,GOSR1,NA19240,0
chr17_30522805,GOSR1,HG00733,362
chr17_30522805,GOSR1,NA19434,0
chr17_30522805,GOSR1,HG02818,0
chr16_70224195,RP11-296I10.6,HG03492,0
chr16_70224195,RP11-296I10.6,HG04217,0
chr16_70224195,RP11-296I10.6,HG02080,220
chr16_70224195,RP11-296I10.6,HX1,0
chr16_70224195,RP11-296I10.6,AK1,0
chr16_70224195,RP11-296I10.6,HG02059,0
chr16_70224195,RP11-296I10.6,HG00514,299
chr16_70224195,RP11-296I10.6,HG01352,0
chr16_70224195,RP11-296I10.6,HG02106,0
chr16_70224195,RP11-296I10.6,GM24143,0
chr16_70224195,RP11-296I10.6,HG002,0
chr16_70224195,RP11-296I10.6,NA12878,0
chr16_70224195,RP11-296I10.6,HG002,0
chr16_70224195,RP11-296I10.6,HG03098,239
chr16_70224195,RP11-296I10.6,HG02055,220
chr16_70224195,RP11-296I10.6,HG01243,242
chr16_70224195,RP11-296I10.6,HG02723,291
chr16_70224195,RP11-296I10.6,NA19240,263
chr16_70224195,RP11-296I10.6,HG00733,0
chr16_70224195,RP11-296I10.6,NA19434,278
chr16_70224195,RP11-296I10.6,HG02818,0
chr8_11329326,SLC35G5,HG03492,0
chr8_11329326,SLC35G5,HG04217,0
chr8_11329326,SLC35G5,HG02080,595
chr8_11329326,SLC35G5,HX1,655
chr8_11329326,SLC35G5,AK1,0
chr8_11329326,SLC35G5,HG02059,0
chr8_11329326,SLC35G5,HG00514,620
chr8_11329326,SLC35G5,HG01352,606
chr8_11329326,SLC35G5,HG02106,0
chr8_11329326,SLC35G5,GM24143,578
chr8_11329326,SLC35G5,HG002,618
chr8_11329326,SLC35G5,NA12878,0
chr8_11329326,SLC35G5,HG002,618
chr8_11329326,SLC35G5,HG03098,582
chr8_11329326,SLC35G5,HG02055,0
chr8_11329326,SLC35G5,HG01243,585
chr8_11329326,SLC35G5,HG02723,538
chr8_11329326,SLC35G5,NA19240,575
chr8_11329326,SLC35G5,HG00733,0
chr8_11329326,SLC35G5,NA19434,0
chr8_11329326,SLC35G5,HG02818,0
chr19_23289368,VN1R91P,HG03492,0
chr19_23289368,VN1R91P,HG04217,511
chr19_23289368,VN1R91P,HG02080,453
chr19_23289368,VN1R91P,HX1,480
chr19_23289368,VN1R91P,AK1,0
chr19_23289368,VN1R91P,HG02059,0
chr19_23289368,VN1R91P,HG00514,0
chr19_23289368,VN1R91P,HG01352,0
chr19_23289368,VN1R91P,HG02106,0
chr19_23289368,VN1R91P,GM24143,0
chr19_23289368,VN1R91P,HG002,512
chr19_23289368,VN1R91P,NA12878,0
chr19_23289368,VN1R91P,HG002,512
chr19_23289368,VN1R91P,HG03098,442
chr19_23289368,VN1R91P,HG02055,0
chr19_23289368,VN1R91P,HG01243,464
chr19_23289368,VN1R91P,HG02723,443
chr19_23289368,VN1R91P,NA19240,461
chr19_23289368,VN1R91P,HG00733,0
chr19_23289368,VN1R91P,NA19434,0
chr19_23289368,VN1R91P,HG02818,472
chr19_58404233,CTD-2619J13.14,HG03492,0
chr19_58404233,CTD-2619J13.14,HG04217,1086
chr19_58404233,CTD-2619J13.14,HG02080,1021
chr19_58404233,CTD-2619J13.14,HX1,1039
chr19_58404233,CTD-2619J13.14,AK1,0
chr19_58404233,CTD-2619J13.14,HG02059,0
chr19_58404233,CTD-2619J13.14,HG00514,0
chr19_58404233,CTD-2619J13.14,HG01352,0
chr19_58404233,CTD-2619J13.14,HG02106,1132
chr19_58404233,CTD-2619J13.14,GM24143,0
chr19_58404233,CTD-2619J13.14,HG002,0
chr19_58404233,CTD-2619J13.14,NA12878,0
chr19_58404233,CTD-2619J13.14,HG002,0
chr19_58404233,CTD-2619J13.14,HG03098,0
chr19_58404233,CTD-2619J13.14,HG02055,0
chr19_58404233,CTD-2619J13.14,HG01243,0
chr19_58404233,CTD-2619J13.14,HG02723,0
chr19_58404233,CTD-2619J13.14,NA19240,0
chr19_58404233,CTD-2619J13.14,HG00733,0
chr19_58404233,CTD-2619J13.14,NA19434,0
chr19_58404233,CTD-2619J13.14,HG02818,923
