	AFR	AMR	ASN	EUR	SAN
chr10_68475203	0.02	0.2	0.12	0.09	0.25
chr11_8818116	0.29	0.53	0.46	0.51	0.44
chr11_11926978	0.03	0.22	0.13	0.27	0.2
chr12_50604192	0.07	0.17	0.29	0.03	0.12
chr13_35751205	0.4	0.13	0.37	0.16	0.22
chr13_53965808	0.22	0.11	0.05	0.13	0.16
chr13_81793576	0.51	0.52	0.56	0.52	0.54
chr14_20707975	0.19	0.38	0.16	0.4	0.3
chr14_92153076	0.19	0.26	0.48	0.16	0.24
chr15_45697493	0.25	0.24	0.42	0.35	0.4
chr15_70547240	0.14	0.08	0.21	0.13	0.27
chr16_11139032	0.0	0.2	0.02	0.0	0.0
chr16_74811124	0.3	0.26	0.26	0.41	0.32
chr17_16359803	0.29	0.09	0.06	0.01	0.05
chr17_43409609	0.3	0.27	0.17	0.18	0.22
chr17_46076611	0.01	0.13	0.0	0.21	0.05
chr17_65435360	0.12	0.01	0.22	0.0	0.02
chr17_76323198	0.39	0.28	0.15	0.16	0.29
chr17_82802116	0.27	0.28	0.3	0.35	0.28
chr18_49810945	0.42	0.28	0.21	0.4	0.27
chr19_23828498	0.54	0.55	0.54	0.55	0.54
chr19_29364877	0.35	0.27	0.42	0.31	0.24
chr19_43873793	0.24	0.04	0.0	0.0	0.0
chr19_46833454	0.2	0.18	0.11	0.21	0.11
chr2_45082106	0.35	0.36	0.57	0.2	0.44
chr2_130210916	0.26	0.4	0.35	0.33	0.36
chr20_4102199	0.1	0.34	0.24	0.37	0.34
chr20_5287777	0.45	0.42	0.51	0.41	0.47
chr3_138126544	0.44	0.54	0.44	0.52	0.48
chr3_147890065	0.31	0.28	0.38	0.23	0.23
chr3_177272392	0.17	0.49	0.47	0.41	0.3
chr3_186982853	0.1	0.11	0.27	0.06	0.07
chr4_9703222	0.12	0.33	0.3	0.4	0.3
chr5_126729444	0.54	0.43	0.45	0.32	0.42
chr5_181082755	0.09	0.21	0.17	0.09	0.18
chr6_2919937	0.13	0.34	0.34	0.28	0.2
chr6_33062533	0.46	0.23	0.52	0.16	0.31
chr6_34699705	0.28	0.09	0.11	0.13	0.08
chr6_153108721	0.25	0.19	0.47	0.26	0.37
chr6_158217823	0.23	0.3	0.35	0.07	0.16
chr7_65580706	0.35	0.28	0.15	0.28	0.23
chr7_138611702	0.03	0.24	0.32	0.17	0.2
chr8_22021611	0.18	0.08	0.27	0.06	0.05
chr9_33130561	0.39	0.2	0.42	0.24	0.27
chr9_131414424	0.32	0.48	0.52	0.49	0.51
