Insertion,Source,Type
chr2:195537086,chr10:6055432,5'
chr12:69354195,chr10:6055432,5'
chr12:3211966,chr10:29695783,5'
chr2:219270687,chr10:29698565,3'
chr17:42395809,chr10:31969009,5'
chr15:34340393,chr10:31969009,5'
chr18:22174755,chr10:31970054,5'
chr4:77621713,chr10:31970054,5'
chr20:58731699,chr10:31971549,3'
chr22:21950391,chr10:43422870,5'
chr13:27178681,chr10:43422870,5'
chr1:28462012,chr10:43422870,5'
chr2:156367068,chr10:43422870,5'
chr4:47641544,chr10:45392612,3'
chr2:58727701,chr10:70687966,5'
chr22:29758469,chr10:70687966,5'
chr1:65722020,chr10:70688623,5'
chr16:47050773,chr10:70688623,5'
chr11:48238940,chr10:70688623,5'
chr8:13021825,chr10:70688623,5'
chr21:32278387,chr10:70688623,5'
chr8:56087196,chr10:80533336,5'
chr8:97315028,chr10:80533336,5'
chr11:75052881,chr10:80533336,5'
chr18:791087,chr10:80533336,5'
chr17:42695498,chr10:80533336,5'
chr14:47729267,chr10:80533336,5'
chr8:114598307,chr10:80533336,5'
chrX:69559859,chr10:80533336,5'
chr12:48505450,chr10:80533336,5'
chr8:140714268,chr10:80535370,3'
chr14:93250673,chr10:80535370,3'
chr16:75469141,chr10:80535370,3'
chr11:123714998,chr10:80535370,3'
chr5:173919037,chr10:80535370,3'
chr15:50935363,chr10:80535370,3'
chr10:119189623,chr10:80535370,3'
chr9:101024104,chr10:80535370,3'
chr14:65503589,chr10:80535370,3'
chr1:12115077,chr10:82478230,5'
chr11:47096811,chr10:92375928,5'
chr7:104846554,chr10:92375928,5'
chr3:160013391,chr10:92375928,5'
chr15:64401734,chr10:92375928,5'
chr15:72692693,chr10:92377150,3'
chr6:111096497,chr10:92377150,3'
chr12:54752645,chr10:92377796,3'
chr13:82769651,chr10:92377796,3'
chr2:54764485,chr10:92377796,3'
chr3:12338160,chr10:92377796,3'
chr7:77695432,chr10:92377796,3'
chr4:122768316,chr10:92377796,3'
chr4:110940242,chr10:92377796,3'
chr11:74917941,chr10:92377796,3'
chr9:111781831,chr10:92377796,3'
chr2:241113655,chr10:92377796,3'
chr12:77730162,chr10:92377796,3'
chr5:2162155,chr10:92377796,3'
chr18:8134384,chr10:92377796,3'
chr3:65993922,chr10:92377796,3'
chr4:3222213,chr10:92377796,3'
chr7:134024544,chr10:92377796,3'
chr3:158740802,chr10:92377796,3'
chr17:29314945,chr10:92377796,3'
chr14:91358158,chr10:92377796,3'
chr15:99633765,chr10:92377796,3'
chr1:175103565,chr10:92377796,3'
chr9:15568002,chr10:92377796,3'
chr18:77905216,chr10:92377796,3'
chr12:366507,chr10:92377796,3'
chr16:52951193,chr10:92377796,3'
chr20:44064083,chr10:92377796,3'
chr12:97898199,chr10:92377796,3'
chr11:30397788,chr10:92377796,3'
chr21:43911343,chr10:92377796,3'
chr21:33443643,chr10:92377796,3'
chr7:2806520,chr10:92377796,3'
chr20:62865165,chr10:92377796,3'
chr4:77931863,chr10:92377796,3'
chr11:108974258,chr10:92377796,3'
chr17:54186939,chr10:92377796,3'
chr17:75916639,chr10:92377796,3'
chr8:28455958,chr10:92377796,3'
chr2:141320560,chr10:92377796,3'
chrX:56464580,chr10:92377796,3'
chr19:49886432,chr10:92377796,3'
chr20:63077404,chr10:92377796,3'
chr12:93486805,chr10:92377796,3'
chr10:126809058,chr10:92377796,3'
chr12:5761319,chr10:92377796,3'
chr18:9142251,chr10:92377796,3'
chr11:61074732,chr10:92377796,3'
chr11:6860133,chr10:92377796,3'
chr10:95088331,chr10:92377796,3'
chrX:23273432,chr10:92377796,3'
chr18:79760333,chr10:92377796,3'
chr21:15382516,chr10:92377796,3'
chrX:19882105,chr10:92377796,3'
chr5:68164651,chr10:92377796,3'
chr17:75771442,chr10:92377796,3'
chr21:19302783,chr10:92377796,3'
chr1:181054698,chr10:92377796,3'
chr17:65629275,chr10:92377796,3'
chr19:4865890,chr10:92377796,3'
chr4:152886876,chr10:92377796,3'
chr7:35595431,chr10:92377796,3'
chr20:21180117,chr10:92377796,3'
chr20:2546636,chr10:92377796,3'
chr3:129194799,chr10:92377796,3'
chr10:62730475,chr10:92377796,3'
chr2:37686352,chr10:92377796,3'
chr5:133113449,chr10:92377796,3'
chr4:100687039,chr10:92377796,3'
chr19:11518125,chr10:92377796,3'
chr2:241170863,chr10:92377796,3'
chr8:42138226,chr10:92377796,3'
chr18:26714834,chr10:92377796,3'
chr2:197813269,chr10:92673704,5'
chr17:48879846,chr10:96941540,3'
chr10:97278154,chr10:97274850,5'
chr12:56411787,chr10:99837079,5'
chr11:45882601,chr10:99837079,5'
chr17:9351043,chr10:99837079,5'
chr5:65603846,chr10:99837079,5'
chrX:100667708,chr10:99837079,5'
chr18:2853392,chr10:99837079,5'
chr20:45330115,chr10:99837079,5'
chr14:49692792,chr10:99837079,5'
chr18:2607819,chr10:99837079,5'
chr2:119320853,chr10:99837079,5'
chr2:109252391,chr10:99837079,5'
chr14:68545207,chr10:99837079,5'
chr2:158794606,chr10:99837079,5'
chr17:59047207,chr10:99837079,5'
chr12:7577106,chr10:99837079,5'
chr11:3679041,chr10:99837079,5'
chr20:18518605,chr10:99837079,5'
chr9:137598419,chr10:99837079,5'
chr19:2018497,chr10:99837079,5'
chr3:4541294,chr10:99837079,5'
chr3:65141947,chr10:99837079,5'
chr15:99679977,chr10:99837079,5'
chr1:72250904,chr10:99837079,5'
chr16:80867446,chr10:99837079,5'
chr4:55880036,chr10:99837079,5'
chr13:99542551,chr10:99837079,5'
chr10:35049922,chr10:99837079,5'
chr1:88608832,chr10:99837079,5'
chr7:155395877,chr10:99837079,5'
chr3:53001105,chr10:99837079,5'
chr15:34666235,chr10:99837079,5'
chr4:2106851,chr10:99837079,5'
chr10:96906859,chr10:99837079,5'
chr6:27058969,chr10:99837079,5'
chr5:10252874,chr10:99837079,5'
chr14:52943634,chr10:99840471,3'
chr18:58619299,chr10:99840471,3'
chr14:30517677,chr10:99840471,3'
chr3:33080381,chr10:99840471,3'
chr7:124138434,chr10:99840471,3'
chr5:141999944,chr10:99840471,3'
chr3:41664775,chr10:99840471,3'
chr4:152956,chr10:100092150,5'
chr4:56135646,chr10:100092150,5'
chr17:29400563,chr10:100092150,5'
chr13:112651479,chr10:100092150,5'
chr18:33635584,chr10:100092150,5'
chr3:12654718,chr10:100092150,5'
chr16:256145,chr10:100092150,5'
chr20:49679795,chr10:100092150,5'
chr14:72855643,chr10:100092150,5'
chr12:4046804,chr10:100092150,5'
chr17:67722027,chr10:100092150,5'
chr12:4131898,chr10:100092150,5'
chr16:57489766,chr10:100092150,5'
chrX:32213419,chr10:100092150,5'
chr2:27240078,chr10:100092150,5'
chr2:188554257,chr10:100092150,5'
chr11:108637738,chr10:100092150,5'
chr8:30152449,chr10:100092150,5'
chr2:187339239,chr10:100092150,5'
chr15:70850768,chr10:100092150,5'
chr14:97314891,chr10:100092150,5'
chr2:47713634,chr10:100092150,5'
chr19:52743690,chr10:100092150,5'
chr12:42097416,chr10:100092150,5'
chr1:167633282,chr10:100092150,5'
chr3:130876796,chr10:100092150,5'
chr3:69017777,chr10:100092150,5'
chr1:54070169,chr10:100092150,5'
chr1:205737821,chr10:100092150,5'
chr7:129262049,chr10:100092150,5'
chr1:185115437,chr10:100092150,5'
chr1:202701105,chr10:100092150,5'
chr7:27641681,chr10:100092150,5'
chr8:67183871,chr10:100093835,3'
chr11:6414083,chr10:100093835,3'
chr16:71866143,chr10:100093835,3'
chrY:16926952,chr10:100093835,3'
chr12:50338711,chr10:100093835,3'
chr12:8497926,chr10:100093835,3'
chrX:91080647,chr10:100093835,3'
chr6:34744887,chr10:100276410,5'
chr2:24812289,chr10:100276410,5'
chr3:57592061,chr10:100276410,5'
chr4:155459614,chr10:100276410,5'
chr10:67803159,chr10:100276410,5'
chr19:12620754,chr10:103129752,3'
chr4:164833277,chr10:103130349,3'
chr15:33195804,chr9:15406306,5'
chr14:77995087,chr9:16977937,3'
chr12:11458558,chr9:26493508,3'
chr10:101677879,chr9:29189444,3'
chr12:101698615,chr9:38241296,5'
chr15:63477658,chr9:38243698,3'
chr15:63477827,chr9:38243698,3'
chr8:66261523,chr9:72840440,3'
chr4:163335070,chr9:72842087,5'
chr9:123153006,chr9:72842087,5'
chrX:1082432,chr9:72842087,5'
chr12:118031432,chr9:72842087,5'
chr2:10186498,chr9:72842087,5'
chr14:91189272,chr9:72842087,5'
chr10:21476127,chr9:72842087,5'
chr11:110392827,chr9:72842087,5'
chr19:37489526,chr9:72842087,5'
chr20:25000125,chr9:72842087,5'
chr19:52170070,chr9:72842087,5'
chr4:139094737,chr9:72842087,5'
chr1:151064368,chr9:72842087,5'
chr6:3763644,chr9:72842087,5'
chr1:224517089,chr9:72842087,5'
chr6:4440428,chr9:72842087,5'
chr1:181121881,chr9:72842087,5'
chr6:44202443,chr9:72842087,5'
chr17:3781964,chr9:72842087,5'
chr12:12763295,chr9:72842087,5'
chr3:32963660,chr9:72842087,5'
chr3:31251901,chr9:72842087,5'
chr4:83330557,chr9:72842087,5'
chr5:142640680,chr9:72842087,5'
chr11:66608354,chr9:72842087,5'
chr6:36771672,chr9:72842087,5'
chr1:111240688,chr9:72851543,5'
chr8:80864831,chr9:72851543,5'
chr7:3341982,chr9:76063319,5'
chr19:7329027,chr9:76063319,5'
chr6:41893674,chr9:77760969,5'
chr1:155335620,chr9:77760969,5'
chr8:28657609,chr9:81709546,5'
chrX:43117201,chr9:81711079,3'
chr12:57491746,chr9:81711909,3'
chr8:144846864,chr9:81711909,3'
chr18:63121674,chr9:81711909,3'
chr17:29633717,chr9:81711909,3'
chr1:155638001,chr9:81711909,3'
chr14:93386443,chr9:81711909,3'
chr16:31931459,chr9:81711909,3'
chr8:118158265,chr9:81711909,3'
chr8:67557945,chr9:81711909,3'
chr1:23919094,chr9:81711909,3'
chr1:20830847,chr9:81711909,3'
chr5:150742044,chr9:81711909,3'
chr11:72205017,chr9:87757945,3'
chr12:10404592,chr9:87757945,3'
chr12:57140664,chr9:87757945,3'
chr4:57061987,chr9:87757945,3'
chr12:122749695,chr9:87757945,3'
chr6:139242188,chr9:87757945,3'
chr6:105445060,chr9:87757945,3'
chr3:196671179,chr9:87757945,3'
chr9:133607710,chr9:87757945,3'
chr3:61986898,chr9:87759778,5'
chr17:7946996,chr9:87759778,5'
chr2:206032925,chr9:87759778,5'
chr7:108438807,chr9:87759778,5'
chr1:224463208,chr9:87759778,5'
chr15:98795096,chr9:87759778,5'
chr2:217746687,chr9:87759778,5'
chr13:37548259,chr9:87759778,5'
chr4:139161273,chr9:87759778,5'
chr11:62381502,chr9:87759778,5'
chr14:20629754,chr9:87759778,5'
chr3:60509596,chr9:87759778,5'
chr1:14469079,chr9:87759778,5'
chr4:83570863,chr9:87759778,5'
chrX:40954687,chr9:87759778,5'
chr9:116461139,chr9:87759778,5'
chr6:17935811,chr9:87759778,5'
chr5:82323604,chr9:87759778,5'
chr2:186561755,chr9:87759778,5'
chr17:53146142,chr9:87759778,5'
chr5:179715052,chr9:87759778,5'
chr13:54548325,chr9:87759778,5'
chr14:54457251,chr9:87759778,5'
chr8:144081639,chr9:87759778,5'
chr15:97002105,chr9:87759778,5'
chr12:6885162,chr9:87759778,5'
chr1:23435499,chr9:87759778,5'
chr10:96916329,chr9:87759778,5'
chr16:48681508,chr9:87759778,5'
chr11:130301065,chr9:87759778,5'
chr7:100757459,chr9:87759778,5'
chrX:112794317,chr9:87759778,5'
chrX:118874087,chr9:88244077,3'
chr9:109800812,chr9:88625638,5'
chr1:24042159,chr9:88625638,5'
chr14:20644680,chr9:92831929,5'
chr21:36301229,chr9:107256008,3'
chr3:177094149,chr9:107256872,3'
chr3:183715278,chr9:107775300,5'
chr14:76714722,chr9:107775300,5'
chr22:36425180,chr9:112513520,5'
chr8:28859021,chr9:112513520,5'
chr1:15258397,chr9:112513520,5'
chr16:88869504,chr9:112513520,5'
chr22:28726202,chr9:112513520,5'
chr17:62210820,chr9:112513520,5'
chr5:60782014,chr9:112513520,5'
chr1:77990466,chr9:112515277,3'
chr22:39525734,chr9:112515800,3'
chr15:51295136,chr9:120305235,5'
chr3:46430226,chr9:120494822,5'
chr7:11662395,chr9:120494822,5'
chr1:162847445,chr9:120494822,5'
chr2:227571439,chr9:120494822,5'
chr2:95117611,chr9:120496550,5'
chr20:56472039,chr9:120496550,5'
chr4:139032765,chr9:120497357,3'
chr2:188094180,chr9:120497357,3'
chr14:21791412,chr9:120497357,3'
chr22:44353808,chr9:120497357,3'
chr10:69597537,chr9:120497357,3'
chr3:170027200,chr9:120497357,3'
chr20:49215410,chr9:120497357,3'
chr7:100420239,chr9:120497357,3'
chr18:4286559,chr9:120497357,3'
chr5:138405046,chr9:120497357,3'
chr1:211434216,chr9:120497357,3'
chr15:65494012,chr9:120497357,3'
chr1:37775375,chr9:120497357,3'
chr1:2059241,chr9:120497357,3'
chr17:19455850,chr9:120497357,3'
chr20:49418056,chr9:120497357,3'
chrX:96666293,chr9:120497357,3'
chr18:12455952,chr9:120497357,3'
chr19:7663052,chr9:120497357,3'
chr1:43497783,chr9:120497357,3'
chr4:122564156,chr9:120497357,3'
chr10:129898974,chr9:120497357,3'
chr11:115640113,chr9:120497357,3'
chr4:6213438,chr9:120497357,3'
chr12:12506969,chr9:120497357,3'
chr14:55170338,chr9:120497357,3'
chr15:52327383,chr9:120497357,3'
chr9:34187607,chr9:120497357,3'
chrX:116197482,chr9:120497357,3'
chr19:47006267,chr9:120497357,3'
chr1:27415728,chr9:120497357,3'
chr4:174888826,chr9:120497357,3'
chr9:35426593,chr9:120497357,3'
chr7:116981000,chr9:120497357,3'
chr9:121902086,chr9:120497357,3'
chr21:31047281,chr9:120497357,3'
chr20:2698614,chr9:120497357,3'
chr6:130881812,chr9:120497357,3'
chr20:6194819,chr9:120497357,3'
chr3:182973891,chr9:120497357,3'
chr14:28645370,chr9:120497357,3'
chr17:17454251,chr9:120497357,3'
chr5:112933175,chr9:121971655,5'
chr9:20655221,chr9:125623092,5'
chr3:48057606,chr9:125624174,5'
chr2:96499868,chr9:125625216,3'
chr19:39116773,chr9:134118817,3'
chr19:22871544,chr19:18005839,3'
chr1:29175694,chr19:20063926,5'
chr17:42173866,chr19:20149493,5'
chrX:49237612,chr19:20150656,3'
chr2:25846049,chr19:20150656,3'
chr1:11051496,chr19:20151828,3'
chr12:21785038,chr19:21720314,5'
chr1:28361509,chr19:21722715,3'
chr5:65525209,chr19:21722715,3'
chr7:6625120,chr19:22108655,5'
chr1:232718993,chr19:22108655,5'
chr3:21893895,chr19:22925449,5'
chr10:27691939,chr19:22925449,5'
chr7:13792133,chr19:22925449,5'
chr20:62184486,chr19:22925449,5'
chr2:150061295,chr19:22925449,5'
chr17:80355118,chr19:22925449,5'
chr16:60144960,chr19:22925449,5'
chr3:11197710,chr19:22925449,5'
chr10:121744218,chr19:22925449,5'
chr14:89824015,chr19:22925449,5'
chr14:55204043,chr19:22925449,5'
chr7:151278192,chr19:22925449,5'
chr16:53666298,chr19:22925449,5'
chr14:100289896,chr19:22925449,5'
chr10:21659152,chr19:22925449,5'
chr2:195405236,chr19:22927816,3'
chr11:79476292,chr19:22927816,3'
chr19:23828483,chr19:23135211,5'
chr15:77490858,chr19:23135211,5'
chr20:42489588,chr19:29898704,5'
chr1:221926323,chr19:29898704,5'
chr13:26353034,chr19:29898704,5'
chr3:165056315,chr19:29898704,5'
chr5:147626609,chr19:29898704,5'
chr5:31989053,chr19:29898704,5'
chr8:67679428,chr19:29898704,5'
chr5:65675701,chr19:29898704,5'
chr12:79623814,chr19:29898704,5'
chr4:119562419,chr19:29898704,5'
chrX:6407769,chr19:29898704,5'
chr6:99235775,chr19:29898704,5'
chr7:80398447,chr19:29898704,5'
chr2:32432864,chr19:29898704,5'
chr14:31428195,chr19:29898704,5'
chr15:75424997,chr19:29898704,5'
chrX:24325186,chr19:29898704,5'
chr15:59878128,chr19:29898704,5'
chr19:10665787,chr19:29898704,5'
chr8:28542375,chr19:29898704,5'
chr1:117463459,chr19:29898704,5'
chr22:39996514,chr19:29898704,5'
chr2:28334095,chr19:29898704,5'
chr4:71007342,chr19:29898704,5'
chr6:158460468,chr19:29898704,5'
chr21:17385032,chr19:29902073,3'
chr14:34113551,chr19:29902073,3'
chr15:90773851,chr19:29902073,3'
chr10:112866544,chr19:29902073,3'
chr15:52255708,chr19:29902073,3'
chr14:92852434,chr19:29902073,3'
chr15:79631876,chr19:29902073,3'
chr6:158414814,chr19:34080418,5'
chr8:28879577,chr19:40106971,3'
chr1:31915820,chr19:40106971,3'
chr12:10850765,chr19:40109643,5'
chr12:56266575,chr19:40109643,5'
chr5:150856007,chr19:40109643,5'
chr2:64911770,chr19:40109643,5'
chr4:61416347,chr19:40109643,5'
chrX:46438642,chr19:40109643,5'
chr3:40485607,chr19:40109643,5'
chr1:167632878,chr19:40109643,5'
chr16:23412446,chr19:40109643,5'
chr17:5056042,chr19:40117178,5'
chr22:17329635,chr19:40646040,3'
chr1:212225745,chr19:40650094,5'
chr17:37366405,chr19:40650094,5'
chr2:64540003,chr19:40650094,5'
chr4:14995311,chr19:40650094,5'
chr1:225671775,chr19:40650094,5'
chr10:72177968,chr19:40650094,5'
chr18:21722805,chr19:40964348,3'
chr5:68110172,chr19:40964348,3'
chr1:7953556,chr19:40964348,3'
chr11:12216317,chr19:41181311,3'
chr7:81092635,chr19:41643891,5'
chr17:58620330,chr19:41643891,5'
chr5:11654601,chr19:41643891,5'
chr13:95680781,chr19:41643891,5'
chr17:15962530,chr19:41643891,5'
chr1:183481866,chr19:41643891,5'
chr15:58947440,chr19:41643891,5'
chr2:64951430,chr19:41643891,5'
chr11:111859339,chr19:41643891,5'
chr17:19309015,chr19:41643891,5'
chr10:100289910,chr19:41643891,5'
chr15:58095369,chr19:41645784,3'
chr19:52918961,chr19:52921095,3'
chr5:95787537,chr19:53185920,3'
chr22:37817170,chr19:53187168,3'
chr19:20140107,chr19:53187168,3'
chr3:112604975,chr19:53188540,5'
chr1:45890985,chr19:53188540,5'
chr9:137283602,chr19:53188540,5'
chr12:50407368,chr19:57482494,5'
chr8:60567703,chr17:598396,5'
chr3:122353164,chr17:2446636,5'
chr12:68794233,chr17:20556834,5'
chr1:70401734,chr17:20556834,5'
chr2:68086936,chr17:20556834,5'
chr12:120858352,chr17:20986577,3'
chr14:70520562,chr17:27211379,5'
chr9:125630709,chr17:27211379,5'
chr12:27152011,chr17:27211379,5'
chr11:73499824,chr17:27211379,5'
chr6:53929607,chr17:27211379,5'
chr4:86035571,chr17:27211379,5'
chr5:75605228,chr17:27211379,5'
chr1:62262726,chr17:27211379,5'
chr4:135405503,chr17:27211379,5'
chr9:129128579,chr17:27211379,5'
chr17:45365629,chr17:27211379,5'
chr3:11284108,chr17:27211379,5'
chr11:113876720,chr17:27211379,5'
chr16:3370911,chr17:27211379,5'
chr1:203831937,chr17:27211379,5'
chr2:33733770,chr17:27211379,5'
chr19:24136555,chr17:27211379,5'
chr1:7954736,chr17:27211379,5'
chr10:110124472,chr17:27211379,5'
chr7:47175164,chr17:27211379,5'
chr8:103043141,chr17:27211379,5'
chr1:179852263,chr17:27211379,5'
chr9:132560568,chr17:27211379,5'
chr5:43446597,chr17:27211379,5'
chr3:51537944,chr17:27211379,5'
chr14:67913697,chr17:27211379,5'
chr4:185191145,chr17:27211379,5'
chr3:149458096,chr17:27211379,5'
chr8:138791102,chr17:27211379,5'
chr8:60570821,chr17:27211379,5'
chr5:159308302,chr17:27211379,5'
chr10:69421050,chr17:27211379,5'
chr6:30755416,chr17:27211379,5'
chr17:18364193,chr17:27211379,5'
chr5:69336185,chr17:27211379,5'
chr19:18751223,chr17:27211379,5'
chr12:1849107,chr17:27211379,5'
chr19:4875543,chr17:27211379,5'
chr4:171059046,chr17:27211379,5'
chr16:87651530,chr17:27211379,5'
chr22:17813880,chr17:27211379,5'
chr6:18294404,chr17:27211379,5'
chr2:48661696,chr17:27211379,5'
chr1:25438606,chr17:27211379,5'
chr22:26530702,chr17:27211379,5'
chr12:6180130,chr17:27211379,5'
chr15:41488992,chr17:27211379,5'
chr10:6128844,chr17:27211379,5'
chr9:84000737,chr17:27211379,5'
chr17:46144510,chr17:27211379,5'
chr3:32975086,chr17:27211379,5'
chr16:1290616,chr17:27211379,5'
chrX:8729812,chr17:27211379,5'
chr17:77085270,chr17:27211379,5'
chr9:96212527,chr17:27211379,5'
chr17:1388877,chr17:27211379,5'
chr11:46186699,chr17:27211379,5'
chr6:106127029,chr17:27211379,5'
chr7:51274831,chr17:27211379,5'
chrX:74686082,chr17:27211379,5'
chr7:105433512,chr17:27211379,5'
chr7:139793004,chr17:27211379,5'
chr5:119352798,chr17:27211379,5'
chr2:31707882,chr17:27211379,5'
chr1:160608909,chr17:27211379,5'
chr2:27350651,chr17:27211379,5'
chr3:197050964,chr17:27211379,5'
chr19:3654520,chr17:27211379,5'
chr20:19897678,chr17:27211379,5'
chr11:75368129,chr17:27211379,5'
chr2:119191728,chr17:27211379,5'
chr17:20170790,chr17:27211379,5'
chr11:117012272,chr17:27211379,5'
chr7:56305289,chr17:27211379,5'
chr4:82536704,chr17:27211379,5'
chr20:5324092,chr17:27211379,5'
chr17:42812720,chr17:27211379,5'
chr22:29097692,chr17:27211379,5'
chr17:4093061,chr17:27211379,5'
chr3:57196841,chr17:27211379,5'
chr12:21478992,chr17:27211379,5'
chr11:47891265,chr17:27211379,5'
chr22:29181378,chr17:27211379,5'
chr10:50226372,chr17:27211379,5'
chr21:17477670,chr17:27211379,5'
chr12:8089001,chr17:27211379,5'
chr9:78140484,chr17:27211379,5'
chr13:20599894,chr17:27211379,5'
chr17:46757615,chr17:27211379,5'
chr1:99812320,chr17:27211379,5'
chr8:69764160,chr17:27211379,5'
chr2:200889042,chr17:27211379,5'
chr6:41980608,chr17:27211379,5'
chr11:7611143,chr17:27211379,5'
chrX:134869721,chr17:27211379,5'
chr22:31495982,chr17:27213245,3'
chr3:58322916,chr17:27213245,3'
chr16:2836844,chr17:27213245,3'
chr9:110253368,chr17:27213245,3'
chr19:52638984,chr17:27213245,3'
chr16:46982472,chr17:27213245,3'
chr15:34191054,chr17:27213245,3'
chr4:53345631,chr17:28223012,5'
chr6:121560830,chr17:28223630,5'
chr6:11866920,chr17:28225004,3'
chr19:57685707,chr17:32921601,3'
chr9:34059394,chr17:42973925,3'
chr5:136603225,chr17:43452259,5'
chr11:33877220,chr17:43453603,3'
chr12:122744826,chr17:44237214,5'
chr18:11946140,chr17:44237214,5'
chr9:34159011,chr17:44237214,5'
chr1:27253695,chr17:44237214,5'
chr18:51886185,chr17:60550948,5'
chr17:5036829,chr17:60550948,5'
chr11:73489226,chr17:60550948,5'
chr7:129318018,chr17:60550948,5'
chr15:43154424,chr17:60550948,5'
chr2:73117311,chr17:60550948,5'
chr6:161596303,chr17:60550948,5'
chr16:30392385,chr17:60551726,5'
chrX:281903,chr7:1145447,3'
chr17:43547798,chr7:1145447,3'
chr11:9002085,chr7:1145447,3'
chr3:11251567,chr7:1145447,3'
chr19:39517063,chr7:1145447,3'
chr22:40223493,chr7:1145447,3'
chr19:45841679,chr7:1145447,3'
chr20:35696599,chr7:1145447,3'
chr22:40793156,chr7:1145447,3'
chr2:31966996,chr7:1145447,3'
chr5:3165172,chr7:1145447,3'
chr11:67594607,chr7:1145447,3'
chr9:83614591,chr7:1145447,3'
chr7:65287134,chr7:1145447,3'
chr20:10377370,chr7:1145447,3'
chr2:79805601,chr7:1145447,3'
chr17:47202690,chr7:1145447,3'
chr9:100358159,chr7:1145447,3'
chr12:10332750,chr7:1145447,3'
chr3:117100177,chr7:1145447,3'
chr4:12176416,chr7:1145447,3'
chr15:92590815,chr7:1147900,5'
chr4:2872897,chr7:1147900,5'
chr12:50121638,chr7:1147900,5'
chr6:86723978,chr7:1147900,5'
chr19:54080972,chr7:1147900,5'
chr21:31605824,chr7:20668099,5'
chr20:2456734,chr7:20668099,5'
chr12:51187271,chr7:20668099,5'
chr2:10267096,chr7:20668099,5'
chr11:13084086,chr7:20668099,5'
chr1:153842648,chr7:20668099,5'
chr1:100451730,chr7:20668099,5'
chr17:8179425,chr7:20668099,5'
chr7:47750840,chr7:20668099,5'
chr20:36970349,chr7:20668099,5'
chr2:210199799,chr7:20668099,5'
chr19:16419539,chr7:20668099,5'
chr8:55980879,chr7:20668099,5'
chr14:50495805,chr7:20668099,5'
chr11:113863055,chr7:20668099,5'
chr5:151780393,chr7:20668099,5'
chr19:6252624,chr7:20668099,5'
chr6:40439986,chr7:20668099,5'
chr12:122808919,chr7:20668099,5'
chr12:14374988,chr7:20668099,5'
chr5:37619106,chr7:20668099,5'
chr20:18552183,chr7:20668099,5'
chr1:112516651,chr7:20668099,5'
chr19:49819145,chr7:20670032,3'
chr12:25836473,chr7:20670032,3'
chr19:12212048,chr7:20670032,3'
chr16:74811108,chr7:20670032,3'
chr1:242055153,chr7:20670032,3'
chr7:104945806,chr7:20670032,3'
chr10:101629288,chr7:20670032,3'
chr3:13836491,chr7:20670032,3'
chr10:51918279,chr7:20670032,3'
chr12:56998441,chr7:20670032,3'
chr9:125208168,chr7:20670032,3'
chr16:47080683,chr7:20670032,3'
chr8:42028900,chr7:20670032,3'
chr6:29557746,chr7:20670032,3'
chr1:168091344,chr7:20670032,3'
chr22:32383121,chr7:20670032,3'
chr7:25020189,chr7:25017981,5'
chr14:57479687,chr7:25017981,5'
chrX:1579126,chr7:25017981,5'
chr15:88430460,chr7:25017981,5'
chr17:20035229,chr7:25017981,5'
chr1:111553803,chr7:25017981,5'
chr5:141145020,chr7:25017981,5'
chr14:55300079,chr7:25017981,5'
chrX:101324783,chr7:25017981,5'
chr2:178516563,chr7:25017981,5'
chr22:42961416,chr7:51208958,3'
chr1:8517816,chr7:55221144,5'
chr22:30391510,chr7:55221144,5'
chr1:241935428,chr7:100740276,3'
chr3:65934878,chr7:100742636,5'
chr11:95662862,chr7:100742636,5'
chr3:164722887,chr7:100742636,5'
chr1:178389118,chr7:100742636,5'
chr3:52542846,chr7:100742636,5'
chr3:48392994,chr7:100742636,5'
chr11:76518187,chr7:101358738,3'
chr20:34390936,chr7:101359805,5'
chr2:26921441,chr7:101359805,5'
chr10:12295451,chr7:101360399,5'
chr13:41156846,chr7:111609306,5'
chr5:17461359,chr7:112923255,5'
chr11:74630801,chr7:140361661,5'
chr11:70109751,chr7:140361661,5'
chr3:196118841,chr7:140361661,5'
chr1:95209048,chr7:152585299,3'
chr2:222965529,chr7:152587017,5'
chr14:41987527,chr7:155366056,3'
chr17:41209352,chr2:3590629,3'
chr7:64909632,chr2:3592253,5'
chr18:3186646,chr2:3592253,5'
chr10:70407104,chr2:26370723,3'
chr16:80996352,chr2:27539167,3'
chr1:9573408,chr2:27540424,3'
chrX:123740085,chr2:27541364,5'
chr17:49747583,chr2:27541364,5'
chr9:72502787,chr2:27541364,5'
chr9:6831380,chr2:27556701,3'
chr9:76982212,chr2:27558839,5'
chr11:77867785,chr2:27558839,5'
chr11:65884213,chr2:27558839,5'
chr6:121881208,chr2:27558839,5'
chr2:150880,chr2:27558839,5'
chr2:44455238,chr2:27558839,5'
chr16:81144448,chr2:32448414,5'
chr14:89524371,chr2:32866834,5'
chr1:190327501,chr2:32866834,5'
chr19:9143959,chr2:32866834,5'
chr12:51086572,chr2:32869281,5'
chr14:91556510,chr2:39627608,3'
chr22:41406231,chr2:41746072,5'
chr18:49810930,chr2:41746072,5'
chr16:58370995,chr2:41746072,5'
chr11:60611420,chr2:41746072,5'
chr11:95964343,chr2:42604565,3'
chr17:46076598,chr2:42606644,5'
chr5:168960299,chr2:43298452,3'
chr7:79466909,chr2:64513130,5'
chr10:120936402,chr2:64513130,5'
chr2:29001674,chr2:64513130,5'
chr14:79484886,chr2:64513130,5'
chr12:51695689,chr2:75724553,5'
chr15:64300457,chr2:85486994,5'
chr22:49029469,chr2:85486994,5'
chr20:45994865,chr2:96805418,5'
chr19:10012939,chr2:113393769,5'
chr7:52054844,chr2:119843212,3'
chr8:89310619,chr2:135275201,5'
chr7:26104841,chr2:151875897,5'
chr19:19039081,chr2:156367866,5'
chr3:38964002,chr2:156370094,3'
chr6:95878140,chr2:156370094,3'
chr7:112552603,chr2:156451771,3'
chr15:65494163,chr2:177947710,3'
chr4:183047690,chr2:177947710,3'
chr9:133927870,chr2:177947710,3'
chr4:183047603,chr2:177947710,3'
chr2:43826578,chr2:177947710,3'
chr20:36920929,chr2:177947710,3'
chr2:112193971,chr2:182385723,5'
chr20:13183107,chr2:182385723,5'
chr5:40004837,chr2:187556259,5'
chr9:74492731,chr2:191741088,5'
chr1:16002841,chr2:195567231,5'
chr2:9580535,chr2:195567231,5'
chr10:80792878,chr2:195569179,3'
chr6:87407647,chr2:195569179,3'
chr1:58179414,chr2:195569179,3'
chr15:79055121,chr2:195569179,3'
chr5:78290464,chr2:197697456,5'
chr3:37264848,chr2:197923014,3'
chr19:39276745,chr2:197924029,5'
chr1:162482446,chr2:197924029,5'
chr11:73076720,chr2:197924029,5'
chr14:65107512,chr2:200684580,5'
chr17:5083028,chr2:200684580,5'
chr2:74253430,chr2:200684580,5'
chr17:29793152,chr2:200684580,5'
chr8:140432233,chr2:200684580,5'
chr14:94248977,chr2:200684580,5'
chr19:46833482,chr2:201281669,3'
chr15:78937480,chr2:201281669,3'
chr9:11020349,chr2:201281669,3'
chr16:220066,chr2:201282712,3'
chr17:42493131,chr2:201282712,3'
chr2:85892872,chr2:201282712,3'
chr11:93094439,chr2:201282712,3'
chr6:53832998,chr2:201282712,3'
chr6:117952266,chr2:201282712,3'
chr6:151296347,chr2:201284604,5'
chr18:54134018,chr2:201284604,5'
chr8:28566811,chr2:201284604,5'
chr3:179370884,chr2:201284604,5'
chr10:132144711,chr2:201284604,5'
chr17:59764125,chr2:201284604,5'
chr8:58766119,chr2:201284604,5'
chr19:20231876,chr2:201284604,5'
chr13:100158610,chr2:201284604,5'
chr6:52991003,chr2:201284604,5'
chr15:41756202,chr2:201284604,5'
chr17:16452346,chr2:201284604,5'
chr11:72734872,chr2:201284604,5'
chr17:48947612,chr2:201284604,5'
chr8:64512556,chr2:201284604,5'
chr6:129577521,chr2:201284604,5'
chr15:84737038,chr2:201284604,5'
chr11:129845520,chr2:201284604,5'
chr12:47708992,chr2:201284604,5'
chr8:125327264,chr2:201284604,5'
chr8:51100992,chr2:201284604,5'
chr1:28439234,chr2:201284604,5'
chr17:1836270,chr2:201284604,5'
chr7:44799056,chr2:201284604,5'
chr12:24761020,chr2:201284604,5'
chr2:63252474,chr2:201284604,5'
chr5:69299768,chr2:201284604,5'
chr2:173325126,chr2:201284604,5'
chr10:75152952,chr2:201284604,5'
chr1:58525357,chr2:201284604,5'
chr19:16183560,chr2:201284604,5'
chr22:42777532,chr2:201284604,5'
chr12:27246700,chr2:201284604,5'
chr16:71800056,chr2:201284604,5'
chr10:111346390,chr2:201284604,5'
chr19:18566792,chr2:206172918,5'
chr19:2850940,chr2:206172918,5'
chr10:118913796,chr2:206172918,5'
chr20:34835085,chr2:206172918,5'
chr14:34500284,chr2:207609842,5'
chr9:125531890,chr2:214836230,5'
chr1:35977199,chr2:214836230,5'
chr15:90382184,chr2:214836230,5'
chr10:96739097,chr2:214836230,5'
chr15:90383183,chr2:214836230,5'
chr11:8882489,chr2:214836230,5'
chr12:131967819,chr2:214836230,5'
chr17:63778919,chr2:216225296,3'
chr9:113358567,chr2:216225296,3'
chr15:43126895,chr2:216225296,3'
chr11:65364172,chr2:216225296,3'
chr12:84767941,chr2:216225296,3'
chr22:38773125,chr2:216225296,3'
chr5:57513712,chr2:216225296,3'
chr3:3704579,chr2:216225296,3'
chr9:20698872,chr2:216225296,3'
chr17:66314052,chr2:216225296,3'
chr3:32794220,chr2:216225296,3'
chr14:34966736,chr2:216225296,3'
chr1:28514959,chr2:216225296,3'
chr10:12221778,chr2:216225296,3'
chr11:83047450,chr2:216225296,3'
chr2:232100491,chr2:216225296,3'
chr21:44892604,chr2:216225296,3'
chr6:6797674,chr2:216227583,5'
chr17:78229753,chr2:216227583,5'
chr11:130294410,chr2:216227583,5'
chr19:58178668,chr2:216227583,5'
chr14:74369659,chr2:216227583,5'
chr3:177955953,chr2:216227583,5'
chr1:163125751,chr2:216227583,5'
chr8:11890445,chr2:216227583,5'
chr20:2224099,chr2:216227583,5'
chr9:34645214,chr2:216227583,5'
chr6:15305287,chr2:216227583,5'
chr11:117357726,chr2:216227583,5'
chr6:155535249,chr2:216227583,5'
chr3:45533444,chr2:216227583,5'
chr15:43121654,chr2:216227583,5'
chr14:68812632,chr2:216227583,5'
chr2:215601456,chr2:216227583,5'
chr22:29253042,chr2:216227583,5'
chr3:41447507,chr2:216227583,5'
chr2:48433256,chr2:216227583,5'
chr2:24950511,chr2:216227583,5'
chrX:40281142,chr2:216227583,5'
chr17:6486676,chr2:216227583,5'
chr9:120748072,chr2:216227583,5'
chr16:19143757,chr2:216227583,5'
chr2:11828071,chr2:216227583,5'
chr6:125811717,chr2:216227583,5'
chr15:31145586,chr2:216227583,5'
chr10:22749119,chr2:216227583,5'
chrX:97196442,chr2:216227583,5'
chr8:108123693,chr2:218845895,5'
chr10:86635706,chr2:218930870,5'
chr5:31981931,chr2:222815711,5'
chr1:13927631,chr2:222817263,3'
chr3:5075500,chr2:222897978,5'
chr2:222894653,chr2:222897978,5'
chr4:25199654,chr12:41301,5'
chr7:72455143,chr12:41301,5'
chr9:109111476,chr12:41301,5'
chr5:150794116,chr12:41301,5'
chr12:92892488,chr12:43241,3'
chr16:22353201,chr12:43241,3'
chrX:138915833,chr12:43241,3'
chr5:62277245,chr12:43241,3'
chr12:18951467,chr12:43241,3'
chr9:36396786,chr12:43241,3'
chr6:53174215,chr12:43241,3'
chr14:50540647,chr12:43241,3'
chr1:48886541,chr12:43241,3'
chr5:160057421,chr12:43241,3'
chr16:3205983,chr12:43241,3'
chr7:65938670,chr12:43241,3'
chr11:9023469,chr12:43241,3'
chr6:110385881,chr12:43241,3'
chr5:74722998,chr12:1818703,5'
chr18:53925343,chr12:1818703,5'
chr6:7138967,chr12:8624436,5'
chr8:144134756,chr12:8624436,5'
chr3:167313826,chr12:9953456,5'
chr15:52458763,chr12:12617644,3'
chr15:52459147,chr12:12617644,3'
chr4:108904959,chr12:26784422,5'
chr22:44923064,chr12:26784422,5'
chr13:40701684,chr12:26784422,5'
chr20:50967212,chr12:26784422,5'
chr2:48189624,chr12:26784422,5'
chr2:58100949,chr12:26784422,5'
chr8:93925435,chr12:26784422,5'
chr17:21093419,chr12:26784422,5'
chr5:176548184,chr12:26786384,3'
chr12:120594889,chr12:26786384,3'
chr2:178307597,chr12:42227144,5'
chr22:43146120,chr12:48331676,5'
chr2:54166074,chr12:48333276,3'
chr4:112731955,chr12:48333276,3'
chr1:10046377,chr12:56076633,5'
chr1:151700718,chr12:70202026,5'
chr3:49384514,chr12:70203531,3'
chr14:91558401,chr12:95236280,5'
chr19:1551299,chr12:95839813,3'
chrX:22989564,chr12:95839813,3'
chr17:27232811,chr12:95839813,3'
chr12:443317,chr12:95839813,3'
chr17:30807338,chr12:95839813,3'
chr17:63768396,chr12:95839813,3'
chr10:75165273,chr12:95839813,3'
chr20:33487261,chr12:95839813,3'
chr3:97522083,chr12:95839813,3'
chr17:41897931,chr12:95839813,3'
chr3:48203302,chr12:95839813,3'
chr17:16649957,chr12:95840350,3'
chr2:44119304,chr12:95842347,5'
chrX:24085446,chr12:95842347,5'
chr16:46861664,chr12:95842347,5'
chr7:154493515,chr12:95842347,5'
chr6:41063444,chr12:95842347,5'
chr6:73287150,chr12:95842347,5'
chrX:125902859,chr12:95842347,5'
chr10:28567304,chr12:95842347,5'
chr13:52123839,chr12:95842347,5'
chr6:159949195,chr12:95842347,5'
chr6:106924397,chr12:95842347,5'
chr2:230912901,chr12:95842347,5'
chr1:38814927,chr12:95842347,5'
chr1:161186013,chr12:95842347,5'
chr10:86591295,chr12:95842347,5'
chr1:111356250,chr12:95842347,5'
chr3:183888899,chr12:95842347,5'
chr11:18668161,chr12:95842347,5'
chr10:98170274,chr12:95842347,5'
chr12:852033,chr12:95842347,5'
chr6:151289710,chr12:95842347,5'
chr22:31498649,chr12:95842347,5'
chr19:23783722,chr12:95842347,5'
chr6:37767920,chr12:95842347,5'
chr11:74642810,chr12:95946674,5'
chr2:50548733,chr12:95946674,5'
chr1:43722721,chr12:95946674,5'
chr1:19788376,chr12:95946674,5'
chr5:55615403,chr12:95946674,5'
chr19:10975603,chr12:95947914,5'
chr2:54424424,chr12:95949082,3'
chr1:156586449,chr12:95949082,3'
chr17:60397960,chr12:104322795,5'
chr18:1124547,chr12:110866647,3'
chr11:113824100,chr12:110867199,3'
chr7:55828004,chr12:110868538,5'
chr12:52891446,chr12:110868538,5'
chr13:38276246,chr12:110868538,5'
chr9:125630942,chr12:113871838,5'
chr10:68488399,chr12:113871838,5'
chr9:131414409,chr12:113871838,5'
chr4:83241378,chr12:113871838,5'
chr1:43646268,chr12:113871838,5'
chr3:134404511,chr12:113871838,5'
chr17:1674934,chr12:113871838,5'
chr8:88918203,chr12:113871838,5'
chr17:1693846,chr12:113871838,5'
chr17:16359910,chr12:119919658,5'
chr17:29186396,chr12:119919658,5'
chr19:20264631,chr12:119919658,5'
chr3:13134776,chr12:119919658,5'
chr6:132519536,chr12:119919658,5'
chrX:101443449,chr12:119919658,5'
chrX:30785060,chr12:119919658,5'
chr14:20507764,chr12:120731629,3'
chr11:65438602,chr12:121075521,5'
chrX:6042022,chr12:121993390,5'
chr16:87559157,chrX:29333028,3'
chr7:147751661,chrX:29333028,3'
chr10:11934307,chrX:29335183,5'
chr2:71096171,chrX:29335183,5'
chr13:45304147,chrX:29335183,5'
chr13:40395486,chrX:42473430,3'
chr1:245328932,chrX:42474978,5'
chr13:41338719,chrX:42474978,5'
chr2:47849280,chrX:46274675,5'
chr22:42983489,chrX:55750026,3'
chr7:32588122,chrX:63188400,5'
chr20:35192170,chrX:63190337,3'
chr8:10560772,chrX:63190337,3'
chr17:74046033,chrX:63190337,3'
chr18:21418884,chrX:68326356,5'
chr11:73675060,chrX:68326356,5'
chr8:99056664,chrX:68327698,3'
chr16:20912135,chrX:68327698,3'
chr6:136705494,chrX:68327698,3'
chr10:71000953,chrX:68327698,3'
chr6:134889767,chrX:68327698,3'
chr5:160021499,chrX:68327698,3'
chr2:72800852,chrX:68327698,3'
chr2:25966056,chrX:68327698,3'
chr19:14547146,chrX:68328541,3'
chr1:227574492,chrX:68328541,3'
chr9:69626019,chrX:72680717,5'
chr1:10102168,chrX:72680717,5'
chr5:169089053,chrX:72681292,5'
chr15:81786794,chrX:72682801,3'
chr6:154553541,chrX:72682801,3'
chr8:5039793,chrX:72683468,3'
chrX:35380571,chrX:72683468,3'
chr12:119297237,chrX:72683468,3'
chr17:17441606,chrX:78265474,3'
chr5:78050492,chrX:100973292,3'
chr18:46892853,chrX:100973292,3'
chr1:43780661,chrX:100973292,3'
chr1:174291407,chrX:100973292,3'
chr1:85881927,chrX:100973292,3'
chr1:154299941,chrX:100973292,3'
chr6:111280036,chrX:100973292,3'
chr3:15741697,chrX:137000586,3'
chr3:126371344,chrX:147991641,3'
chr5:82008436,chrX:147993214,5'
chr3:150822243,chr14:20505295,5'
chr3:56498766,chr14:20505295,5'
chr2:55776558,chr14:20505295,5'
chr9:15687048,chr14:20505295,5'
chr5:37528648,chr14:20508076,3'
chr3:191124452,chr14:21698476,5'
chr3:48060347,chr14:22636472,5'
chr6:32792283,chr14:22636472,5'
chr7:20701587,chr14:22636472,5'
chr2:36016996,chr14:22636472,5'
chr1:95153939,chr14:22636472,5'
chr15:68865425,chr14:22636472,5'
chr11:82520532,chr14:22636472,5'
chr6:17274023,chr14:22636472,5'
chr9:84011240,chr14:22636472,5'
chr19:1536311,chr14:22636472,5'
chr1:206012771,chr14:22636472,5'
chr14:53257378,chr14:22636472,5'
chr11:125666090,chr14:22636472,5'
chr10:5790758,chr14:22636472,5'
chr11:86709793,chr14:22636472,5'
chr1:34225100,chr14:22636472,5'
chr8:58549877,chr14:22636472,5'
chr2:241915019,chr14:22636472,5'
chr2:48935007,chr14:22636472,5'
chr5:79177736,chr14:22636472,5'
chr3:4922610,chr14:22636472,5'
chr3:753179,chr14:22636472,5'
chr15:56174445,chr14:22636472,5'
chr12:124144338,chr14:22636472,5'
chr9:131571834,chr14:22636472,5'
chr17:44687607,chr14:22638585,3'
chr21:37352373,chr14:22639427,3'
chr9:125277054,chr14:22639427,3'
chr17:58714825,chr14:22639427,3'
chr16:1578383,chr14:22639427,3'
chr13:24230011,chr14:22639427,3'
chr20:11759559,chr14:22639427,3'
chr11:121193174,chr14:22639427,3'
chr14:39361301,chr14:22639427,3'
chr12:41658860,chr14:22639427,3'
chr4:169101674,chr14:22639427,3'
chr22:40415146,chr14:22639427,3'
chr1:44177444,chr14:34079792,5'
chr13:27099284,chr14:34079792,5'
chr5:60577939,chr14:34079792,5'
chr1:70330733,chr14:34079792,5'
chr2:46701811,chr14:34412244,5'
chr12:122532037,chr14:35975907,3'
chr13:28342547,chr14:35975907,3'
chr2:222818163,chr14:35978368,5'
chr9:96660146,chr14:35978368,5'
chr15:80655599,chr14:35978368,5'
chr20:16805588,chr14:35978368,5'
chr1:11375173,chr14:35978368,5'
chr17:36120366,chr14:64893724,3'
chr7:30071599,chr14:64893724,3'
chr9:105300328,chr14:64893724,3'
chr13:74933389,chr14:64893724,3'
chr16:31098806,chr14:64893724,3'
chr6:33927385,chr14:64896608,5'
chr3:19694320,chr14:64896608,5'
chr1:27185399,chr14:64896608,5'
chr16:24503888,chr14:64896608,5'
chr17:30327045,chr14:64896608,5'
chr3:185003139,chr14:100180792,5'
chr11:59322662,chr14:102411481,5'
chr21:36013080,chr14:105111520,5'
chr8:39418326,chr14:105112960,3'
chr16:13864342,chr14:105112960,3'
chr9:104927049,chr14:105112960,3'
chr5:55330378,chr20:2822776,5'
chr10:100276303,chr20:2822776,5'
chr20:37874167,chr20:2822776,5'
chr6:125281184,chr20:2822776,5'
chr2:70040908,chr20:2822776,5'
chr4:151234565,chr20:2822776,5'
chr16:20913744,chr20:2822776,5'
chr16:69540086,chr20:2822776,5'
chr17:38364099,chr20:2824857,3'
chr2:187626542,chr20:2824857,3'
chr7:101948433,chr20:2824857,3'
chr10:133468964,chr20:2824857,3'
chr14:65119746,chr20:2824857,3'
chr7:38499331,chr20:2824857,3'
chr1:240484232,chr20:2824857,3'
chr3:152616680,chr20:2824857,3'
chr9:131987730,chr20:2826124,3'
chr6:32355007,chr20:2826124,3'
chr2:222835345,chr20:2826124,3'
chr14:75184830,chr20:2826124,3'
chr19:58152208,chr20:2826124,3'
chr5:154942710,chr20:2826124,3'
chr8:81696337,chr20:2826124,3'
chr5:54642428,chr20:2826124,3'
chr3:14625506,chr20:2826124,3'
chr13:110771963,chr20:2826124,3'
chr15:43922682,chr20:2826124,3'
chr7:135882245,chr20:2826124,3'
chr19:9760538,chr20:2826124,3'
chr12:112131910,chr20:2826124,3'
chrX:109970622,chr20:2826124,3'
chr7:35792300,chr20:2826124,3'
chr15:38120645,chr20:2826124,3'
chr1:194878471,chr20:2826124,3'
chr1:54504160,chr20:2826124,3'
chr3:52109913,chr20:2826124,3'
chr12:24964593,chr20:2826124,3'
chr3:45729964,chr20:5026869,5'
chr19:40215601,chr20:16228610,3'
chr9:3932350,chr20:16228610,3'
chr1:87075783,chr20:30405971,3'
chr8:34275407,chr20:30847979,5'
chr3:131788316,chr20:31469830,3'
chr16:66921569,chr20:31469830,3'
chr9:130005965,chr20:31470689,3'
chr5:104063408,chr20:31472306,5'
chr1:64412709,chr20:31472306,5'
chr11:35732446,chr20:31472306,5'
chr3:33880946,chr20:32723469,5'
chr9:34703688,chr20:35152911,5'
chr3:100063695,chr20:36999660,5'
chr1:12415597,chr20:36999660,5'
chr15:67083462,chr20:37000633,5'
chr11:62581648,chr20:38378161,5'
chr20:49055936,chr20:48935862,5'
chr12:89392305,chr20:54249735,5'
chr8:137083456,chr3:5113904,3'
chr19:1498476,chr3:15743066,5'
chr20:58412576,chr3:38080802,5'
chr22:47662359,chr3:42796904,5'
chrX:135103903,chr3:42796904,5'
chr6:18362950,chr3:42796904,5'
chr2:169614861,chr3:42796904,5'
chr10:63036445,chr3:42796904,5'
chr1:21900882,chr3:42796904,5'
chr3:3418257,chr3:42796904,5'
chr14:40887777,chr3:42798597,3'
chrX:73602320,chr3:46493830,5'
chr3:12402441,chr3:48055180,5'
chr12:120301718,chr3:48210637,5'
chr1:41728043,chr3:48210637,5'
chr19:32214268,chr3:48210637,5'
chr4:57024677,chr3:48210637,5'
chr8:73930126,chr3:48210637,5'
chr11:75757206,chr3:48210637,5'
chr6:24451255,chr3:48210637,5'
chr1:114050173,chr3:48210637,5'
chr3:158718680,chr3:48210637,5'
chr10:102906999,chr3:48210637,5'
chr20:62184047,chr3:48210637,5'
chr4:169150062,chr3:48210637,5'
chr13:43210856,chr3:48210637,5'
chr7:155531276,chr3:48210637,5'
chr1:242594507,chr3:48210637,5'
chr14:39065062,chr3:48210637,5'
chr1:76167958,chr3:48210637,5'
chr3:47378469,chr3:48210637,5'
chr7:152496175,chr3:48210637,5'
chr7:20853856,chr3:48210637,5'
chr19:12603811,chr3:48210637,5'
chr3:15663554,chr3:48210637,5'
chr5:112285849,chr3:48210637,5'
chr2:207808579,chr3:48210637,5'
chr1:40485572,chr3:48210637,5'
chr8:66624143,chr3:48210637,5'
chr8:70589090,chr3:48210637,5'
chr10:101998310,chr3:48210637,5'
chr20:38476809,chr3:48210637,5'
chr5:135448932,chr3:48210637,5'
chrX:110294150,chr3:48210637,5'
chr12:76004896,chr3:48210637,5'
chr19:36558007,chr3:48210637,5'
chr5:94313544,chr3:48210637,5'
chr14:52801377,chr3:48210637,5'
chr2:32442453,chr3:48210637,5'
chr11:47517243,chr3:48210637,5'
chr10:79046539,chr3:48210637,5'
chr6:4266098,chr3:48210637,5'
chr17:76165232,chr3:48210637,5'
chr8:42480039,chr3:48210637,5'
chr2:55321883,chr3:48210637,5'
chr17:17300347,chr3:48210637,5'
chr22:34683483,chr3:48210637,5'
chr12:24849875,chr3:48210637,5'
chr14:34890435,chr3:48210637,5'
chr6:111924472,chr3:48210637,5'
chr6:126004775,chr3:48210637,5'
chr6:134061818,chr3:48210637,5'
chr10:87063668,chr3:48210637,5'
chr6:42554873,chr3:48210637,5'
chr3:87650631,chr3:48210637,5'
chr20:351534,chr3:48210637,5'
chr16:31441869,chr3:48210637,5'
chr14:104385316,chr3:48210637,5'
chr16:409621,chr3:48210637,5'
chr10:72676854,chr3:48210637,5'
chr12:50981347,chr3:48210637,5'
chr9:127858762,chr3:48210637,5'
chr20:21350931,chr3:48210637,5'
chr3:139308750,chr3:48210637,5'
chr5:139102515,chr3:48210637,5'
chrX:136494174,chr3:48210637,5'
chr12:32071136,chr3:48210637,5'
chr8:79872432,chr3:48210637,5'
chr18:3113693,chr3:48210637,5'
chr2:240487596,chr3:48210637,5'
chrX:23537847,chr3:48210637,5'
chr5:136282721,chr3:48210637,5'
chr11:36641815,chr3:48210637,5'
chr2:241317152,chr3:48210637,5'
chr6:158411027,chr3:48210637,5'
chr3:132577223,chr3:48210637,5'
chr10:6957009,chr3:48210637,5'
chr5:159386690,chr3:48210637,5'
chr12:64536556,chr3:48210637,5'
chr19:51164072,chr3:48210637,5'
chr8:91066603,chr3:48210637,5'
chr3:33299041,chr3:48210637,5'
chr16:85897456,chr3:48210637,5'
chr5:76628647,chr3:48210637,5'
chr3:122593454,chr3:48210637,5'
chr12:56173987,chr3:48211875,5'
chr1:52827806,chr3:48211875,5'
chr20:38496201,chr3:48211875,5'
chr19:56532846,chr3:48211875,5'
chr11:114144051,chr3:48211875,5'
chr17:58020982,chr3:48211875,5'
chr11:116186580,chr3:48211875,5'
chr17:35757766,chr3:48211875,5'
chr11:134232242,chr3:48211875,5'
chr8:9038168,chr3:48211875,5'
chr17:30513032,chr3:48211875,5'
chr20:63982463,chr3:48211875,5'
chr2:65294745,chr3:48211875,5'
chr7:43914204,chr3:48211875,5'
chr12:8699626,chr3:48211875,5'
chr9:129869139,chr3:48211875,5'
chr16:28493756,chr3:48211875,5'
chr7:130272133,chr3:48211875,5'
chr17:63485480,chr3:48213289,3'
chr6:86349769,chr3:48213289,3'
chr17:74578359,chr3:48213289,3'
chr6:129660166,chr3:48213289,3'
chr3:50739962,chr3:48213289,3'
chr17:4175019,chr3:48213289,3'
chr17:45090484,chr3:48213289,3'
chr1:203393957,chr3:48213289,3'
chr4:177973698,chr3:48213289,3'
chr22:39603623,chr3:48213289,3'
chr12:119829242,chr3:48213289,3'
chr1:99755055,chr3:48213289,3'
chr9:79478627,chr3:48213289,3'
chr7:24905138,chr3:48213289,3'
chr12:74406621,chr3:48213289,3'
chr22:16994765,chr3:48213289,3'
chr3:50305531,chr3:50310553,3'
chr8:116761745,chr3:50312683,5'
chr13:95845174,chr3:51607238,3'
chr12:125358332,chr3:58891359,5'
chr14:22561178,chr3:67446240,3'
chr3:10226982,chr3:78584256,5'
chr17:31131880,chr3:78584256,5'
chr17:49418799,chr3:88304291,5'
chr10:5321805,chr3:88304291,5'
chr17:49418427,chr3:88304291,5'
chr19:19770820,chr3:88304291,5'
chr2:237468565,chr3:88304291,5'
chr20:25738203,chr3:101438886,5'
chr1:211374660,chr3:101438886,5'
chr1:28374564,chr3:101438886,5'
chr8:134860913,chr3:101438886,5'
chr15:98857799,chr3:101438886,5'
chr2:183040075,chr3:101438886,5'
chr1:46323285,chr3:106072783,3'
chr12:24792883,chr3:106075653,5'
chr12:25712049,chr3:106075653,5'
chr21:45950933,chr3:106110026,5'
chr4:32690676,chr3:106110026,5'
chr4:187921137,chr3:106110026,5'
chr4:48764713,chr3:106110026,5'
chr5:63705731,chr3:106110026,5'
chr17:40624547,chr3:106112598,3'
chr12:14292213,chr3:106112598,3'
chr18:57632070,chr3:124749378,3'
chr20:49814045,chr3:128953569,5'
chr1:40937501,chr3:128953569,5'
chr13:73365874,chr3:128953569,5'
chrX:72319112,chr3:128953569,5'
chrX:80940751,chr3:128953569,5'
chr22:31297753,chr3:128953569,5'
chr14:55286199,chr3:128953569,5'
chr6:47640747,chr3:128953569,5'
chr9:109966194,chr3:128953569,5'
chr19:19247001,chr3:128953569,5'
chr20:43628854,chr3:128956127,3'
chr12:10193454,chr3:128956127,3'
chr2:20301400,chr3:128956127,3'
chr5:151166394,chr3:128956127,3'
chr9:104334067,chr3:129340649,5'
chr10:13488270,chr3:129340649,5'
chr17:66209551,chr3:129363965,3'
chr15:34948915,chr3:179119510,5'
chr6:148330510,chr3:179119510,5'
chrX:9488788,chr3:179119510,5'
chr7:37106621,chr3:179119510,5'
chr12:53451364,chr3:179119510,5'
chr20:53729284,chr3:179122071,3'
chr2:10474674,chr3:183607453,5'
chr14:34081821,chr3:183609753,3'
chr10:21863318,chr3:186863460,5'
chr7:25013987,chr3:186863460,5'
chr5:31819656,chr3:186867101,3'
chr15:89803396,chr8:149335,5'
chr18:56794304,chr8:28882349,3'
chr18:56794198,chr8:28882349,3'
chr6:42504208,chr8:30245670,3'
chr17:14410606,chr8:30247514,5'
chr1:168451690,chr8:30248182,5'
chr10:43466571,chr8:33659130,5'
chr5:138736711,chr8:43178637,3'
chr15:50684478,chr8:43178637,3'
chr18:25149663,chr8:43178637,3'
chr7:98979737,chr8:43178637,3'
chr1:108828917,chr8:43181046,5'
chr19:35762729,chr8:43181046,5'
chr5:57135537,chr8:43181046,5'
chr1:246498210,chr8:43181046,5'
chr2:202444202,chr8:43181046,5'
chr11:39073951,chr8:43181046,5'
chr4:112661538,chr8:43181046,5'
chr11:34406039,chr8:43181046,5'
chr4:24562407,chr8:54126339,5'
chr11:64170679,chr8:61752055,3'
chr2:100598826,chr8:61754145,5'
chr13:95314751,chr8:64687609,3'
chr11:85707956,chr8:64687609,3'
chr2:167563771,chr8:89699377,5'
chr7:20865902,chr8:94590171,5'
chr17:54768226,chr8:94591183,5'
chr9:19189643,chr8:94592277,3'
chr10:31905850,chr8:99027718,3'
chr4:68266836,chr8:116678792,5'
chr2:234563781,chr8:127630621,5'
chr18:3375182,chr8:128825083,5'
chr3:49373873,chr8:128825083,5'
chr4:174049277,chr8:128825083,5'
chr7:64848129,chr8:128825083,5'
chr9:129033138,chr8:128825083,5'
chr3:48920283,chr8:128825714,5'
chr8:95157026,chr8:128826963,3'
chr6:109129826,chr8:128826963,3'
chr9:36524371,chr8:128826963,3'
chr18:49005318,chr8:128826963,3'
chr7:135589586,chr8:128826963,3'
chr15:66757651,chr8:128826963,3'
chr10:119544322,chr8:128826963,3'
chr1:155503502,chr8:128826963,3'
chr16:21138514,chr8:128826963,3'
chr14:49952962,chr8:128826963,3'
chr10:91521145,chr8:128826963,3'
chr3:50153023,chr8:128826963,3'
chr3:122583552,chr8:128826963,3'
chr6:30320086,chr8:128826963,3'
chr1:61764422,chr8:128826963,3'
chr15:41335242,chr8:128826963,3'
chr11:43244142,chr8:128826963,3'
chr6:125677303,chr8:128826963,3'
chr20:9030687,chr8:128826963,3'
chr16:4299948,chr8:128826963,3'
chr8:30283719,chr8:128826963,3'
chr13:53965792,chr8:128826963,3'
chr17:18368928,chr8:128826963,3'
chr7:101347833,chr8:128826963,3'
chr17:29226094,chr8:128826963,3'
chr1:17291221,chr8:128826963,3'
chr1:230846031,chr8:128826963,3'
chr22:45222745,chr8:128826963,3'
chr2:20327778,chr8:128826963,3'
chr5:74824659,chr8:128826963,3'
chr12:7176230,chr8:128826963,3'
chr1:81826777,chr1:8500563,5'
chr3:47036514,chr1:13327546,5'
chr10:102707412,chr1:13327546,5'
chr11:47972293,chr1:13327546,5'
chr11:116075429,chr1:13329252,3'
chr14:54336011,chr1:13329252,3'
chr4:48067493,chr1:13329252,3'
chr14:31436722,chr1:13658368,5'
chr8:51579529,chr1:20814867,5'
chr1:197903410,chr1:21387151,5'
chr6:162126733,chr1:21387151,5'
chr7:157378858,chr1:21388196,5'
chr2:65170491,chr1:21389980,3'
chrX:71216209,chr1:23993123,5'
chr3:47979626,chr1:23994879,3'
chr9:69266771,chr1:23994879,3'
chr5:76501086,chr1:23994879,3'
chr21:32576552,chr1:23994879,3'
chr21:39464658,chr1:23994879,3'
chr10:121409249,chr1:23994879,3'
chr1:211172688,chr1:23994879,3'
chr2:171930916,chr1:23994879,3'
chr8:124365612,chr1:24832249,3'
chr8:85525735,chr1:24832249,3'
chr21:41034118,chr1:24832249,3'
chr9:33314294,chr1:24832249,3'
chr12:31312373,chr1:24834859,5'
chr20:12072952,chr1:24834859,5'
chr14:35857422,chr1:26595442,5'
chr6:4778830,chr1:26595442,5'
chr21:17249341,chr1:26597338,3'
chr12:114631572,chr1:26819254,3'
chr1:168956831,chr1:26819254,3'
chr19:38919485,chr1:26819254,3'
chr3:182905531,chr1:27063466,5'
chr7:24409083,chr1:33051098,5'
chr1:26905671,chr1:33051098,5'
chr11:119184690,chr1:33051098,5'
chr8:21969186,chr1:33051098,5'
chr7:9390432,chr1:33051098,5'
chr2:182721698,chr1:33051098,5'
chr9:122287569,chr1:33051098,5'
chr17:60695540,chr1:33051098,5'
chr16:75219922,chr1:33051098,5'
chr17:60488346,chr1:33051098,5'
chr8:124463273,chr1:33051098,5'
chr12:123456695,chr1:33051098,5'
chr1:220260062,chr1:33051098,5'
chr3:129769970,chr1:33051098,5'
chr16:83940167,chr1:33051098,5'
chr19:53289639,chr1:33051098,5'
chr2:40710509,chr1:33051098,5'
chr1:95101070,chr1:33051098,5'
chr20:49093230,chr1:33051098,5'
chr4:164839302,chr1:33051098,5'
chr11:61346820,chr1:33051098,5'
chr17:9767905,chr1:33051098,5'
chr2:222721185,chr1:33051098,5'
chr20:50750855,chr1:33051098,5'
chrX:123851564,chr1:33051098,5'
chr7:129956221,chr1:33051098,5'
chr19:6395557,chr1:33051098,5'
chr1:20545837,chr1:33052790,5'
chr17:41644175,chr1:33052790,5'
chrX:110043810,chr1:33052790,5'
chr15:41212153,chr1:33052790,5'
chr17:59612547,chr1:33052790,5'
chr4:3069606,chr1:33053432,3'
chr2:202406827,chr1:33053432,3'
chr17:69195548,chr1:33308750,3'
chr11:103535102,chr1:39999163,5'
chr19:23677471,chr1:40000548,3'
chr7:16806397,chr1:46241658,5'
chr3:58805481,chr1:46241658,5'
chr16:71954457,chr1:46241658,5'
chr3:138346139,chr1:46241658,5'
chr5:134061957,chr1:46241658,5'
chr17:38627790,chr1:46241658,5'
chr1:45930163,chr1:46241658,5'
chr11:60823646,chr1:46241658,5'
chr14:52749315,chr1:46241658,5'
chr22:24167724,chr1:46241658,5'
chr6:150858697,chr1:46241658,5'
chr3:5151932,chr1:46241658,5'
chr14:23226910,chr1:46241658,5'
chr2:140952415,chr1:46242913,3'
chr13:63877506,chr1:46242913,3'
chr4:137443260,chr1:48381560,3'
chr10:11840108,chr1:50381124,5'
chrX:154539021,chr1:50381124,5'
chr13:49582188,chr1:54563133,3'
chr7:66191594,chr1:54563133,3'
chr7:36067608,chr1:54564246,3'
chr22:19448418,chr1:54564246,3'
chr18:57618742,chr1:64202083,3'
chr3:142886375,chr1:64416778,3'
chr17:9326800,chr1:64416778,3'
chr15:40688820,chr1:64416778,3'
chr20:51852899,chr1:64416778,3'
chr13:46583736,chr1:64416778,3'
chr3:183609971,chr1:64416778,3'
chr6:112138160,chr1:64416778,3'
chr7:147751396,chr1:64416778,3'
chr5:136840387,chr1:86215110,5'
chr11:72116737,chr1:86215110,5'
chr15:69202819,chr1:86215110,5'
chr10:11942397,chr1:86215110,5'
chr8:41364742,chr1:86215110,5'
chr17:48498794,chr1:108490831,5'
chr2:203405636,chr1:112292482,5'
chr1:179318828,chr1:112292482,5'
chr6:25096753,chr1:112639802,5'
chr1:161323311,chr1:112774698,5'
chr2:178093379,chr1:112774698,5'
chr20:35190141,chr1:113068304,5'
chr8:141153092,chr1:113068304,5'
chr7:38474751,chr1:113068304,5'
chr6:83568740,chr1:113068304,5'
chr1:202157495,chr1:113068304,5'
chr5:44772022,chr1:113068304,5'
chr11:61694805,chr1:113068304,5'
chr10:3327499,chr1:113068304,5'
chr4:121738429,chr1:113070229,5'
chr2:197813598,chr1:143637038,5'
chr3:11278535,chr1:147061245,5'
chr4:64104473,chr1:150727937,3'
chr17:47653827,chr1:150728667,3'
chr8:36287038,chr1:150729473,5'
chr7:47925694,chr1:151599589,5'
chr14:20314777,chr1:151599589,5'
chr7:105415400,chr1:151599589,5'
chr1:153488354,chr1:151599589,5'
chr3:8647934,chr1:151599589,5'
chr1:42074383,chr1:151599589,5'
chr14:35229841,chr1:151599589,5'
chr22:28637755,chr1:151599589,5'
chr10:43471766,chr1:151599589,5'
chr1:86975684,chr1:151599589,5'
chr12:89759476,chr1:151599589,5'
chr10:99702116,chr1:151599589,5'
chr12:93574063,chr1:151599589,5'
chr14:37566520,chr1:151599589,5'
chr9:81427830,chr1:151599589,5'
chr7:36622346,chr1:151599589,5'
chr5:32283363,chr1:151599589,5'
chr16:80993703,chr1:151599589,5'
chr2:88151986,chr1:151599589,5'
chr16:52577732,chr1:151600720,5'
chr16:409468,chr1:151600720,5'
chr8:124914144,chr1:151600720,5'
chr3:177187572,chr1:151600720,5'
chr17:32423698,chr1:155701601,5'
chr2:74829090,chr1:156328815,3'
chr11:34844875,chr1:174351014,5'
chr2:77033335,chr1:182742416,5'
chr7:104982072,chr1:182742416,5'
chrX:75140788,chr1:212297855,5'
chr15:63477513,chr1:214870522,5'
chr7:112445084,chr1:222489323,3'
chr13:43172028,chr1:236385966,5'
chr16:128009,chr1:236385966,5'
chr3:12170212,chr11:4237131,5'
chr10:49021151,chr11:8977412,5'
chr1:186427154,chr11:8977412,5'
chr4:48289568,chr11:17049577,3'
chr2:85191043,chr11:19861163,5'
chr5:40869366,chr11:28431729,3'
chr1:64574742,chr11:44662914,5'
chr6:159823622,chr11:44663910,5'
chr16:8509422,chr11:44664514,3'
chr8:42016652,chr11:44664514,3'
chr1:39068974,chr11:44664514,3'
chr6:18115463,chr11:45739112,3'
chr12:121772989,chr11:45739112,3'
chr4:158765827,chr11:45739112,3'
chr14:49835252,chr11:60816310,3'
chr11:125589080,chr11:62277903,5'
chr6:44487394,chr11:62277903,5'
chr4:183846711,chr11:64171208,3'
chr10:67178529,chr11:64171208,3'
chr16:944891,chr11:64173020,5'
chr15:61991559,chr11:64173020,5'
chr7:100909199,chr11:64173020,5'
chr7:123724598,chr11:64173020,5'
chr9:73122685,chr11:64173020,5'
chr17:3651667,chr11:64173020,5'
chr9:131870668,chr11:64173020,5'
chr19:38096480,chr11:64173020,5'
chrX:129891793,chr11:64173020,5'
chr16:75514145,chr11:64173020,5'
chr13:43116640,chr11:66587365,5'
chr6:27620933,chr11:72503409,5'
chr20:37752419,chr11:79190827,5'
chr15:77092149,chr11:83134942,3'
chr1:25791120,chr11:83316321,3'
chr12:69301427,chr11:83317002,3'
chr14:103778960,chr11:83317732,5'
chr11:118441267,chr11:83317732,5'
chr12:50140229,chr11:83317732,5'
chr3:196417921,chr11:83317732,5'
chr5:81984887,chr11:83317732,5'
chr8:120126910,chr11:83317732,5'
chr12:25944659,chr11:83317732,5'
chr22:31569022,chr11:83317732,5'
chr19:45732413,chr11:83317732,5'
chr9:109758753,chr11:83317732,5'
chr5:138295617,chr11:83317732,5'
chr10:86545759,chr11:83317732,5'
chr1:224711296,chr11:83317732,5'
chr10:67812103,chr11:83317732,5'
chr17:43409428,chr11:83317732,5'
chr20:41063604,chr11:83317732,5'
chr6:42167685,chr11:83317732,5'
chr6:107369125,chr11:86109817,5'
chr10:100503772,chr11:86109817,5'
chr16:2789624,chr11:86109817,5'
chr14:21419067,chr11:86109817,5'
chr12:55927278,chr11:86109817,5'
chr1:161126911,chr11:86109817,5'
chr15:65219896,chr11:86109817,5'
chr14:52776248,chr11:86109817,5'
chr15:70713886,chr11:86109817,5'
chr12:118443558,chr11:86109817,5'
chr10:121718374,chr11:86109817,5'
chr7:98780231,chr11:86109817,5'
chr2:227186809,chr11:86109817,5'
chr9:69162329,chr11:86109817,5'
chr11:107851888,chr11:86109817,5'
chr5:174324187,chr11:86111201,5'
chr1:20629413,chr11:112026304,3'
chr1:26121708,chr11:118330251,3'
chrX:80533650,chr11:118330251,3'
chr20:44265347,chr11:119506944,3'
chrX:129842566,chr11:119506944,3'
chr1:109276857,chr11:119506944,3'
chr6:89722691,chr11:119506944,3'
chr6:118881949,chr11:119506944,3'
chr7:149515353,chr11:119506944,3'
chr7:77936170,chr11:119506944,3'
chr10:43007730,chr11:119506944,3'
chr1:225084811,chr11:124705329,5'
chrX:123112369,chr11:130089746,3'
chr2:192049603,chr11:130091384,3'
chr1:212214382,chr13:30839257,3'
chr10:6074258,chr13:30840413,5'
chr11:75887884,chr13:45486106,5'
chr15:62367587,chr13:49592149,5'
chr6:63772135,chr13:49593344,5'
chr13:99243233,chr13:110606517,3'
chr15:29910659,chr6:15188455,5'
chr20:53692179,chr6:15188455,5'
chr7:26257243,chr6:15188455,5'
chr6:3385818,chr6:15188455,5'
chr22:30726716,chr6:15188455,5'
chr11:118734029,chr6:15188455,5'
chr10:119568330,chr6:15188455,5'
chr16:56935921,chr6:15188455,5'
chr6:157835417,chr6:15188455,5'
chr3:132301424,chr6:15188455,5'
chr2:63945072,chr6:15188455,5'
chr7:66284263,chr6:15188455,5'
chrX:70858662,chr6:15188455,5'
chr17:43689998,chr6:15188455,5'
chr1:228692604,chr6:15188455,5'
chr19:36055621,chr6:15190298,3'
chr19:21831659,chr6:15190298,3'
chr3:129404496,chr6:15190298,3'
chr14:26566889,chr6:22837840,3'
chr10:71895805,chr6:27483710,3'
chr12:14422191,chr6:27483710,3'
chr11:107921287,chr6:27483710,3'
chr7:23590817,chr6:27483710,3'
chr8:28566386,chr6:27484373,3'
chr2:129054751,chr6:27485933,5'
chr6:162691133,chr6:27485933,5'
chr1:175196398,chr6:27485933,5'
chr3:52208274,chr6:27485933,5'
chr1:188614990,chr6:27485933,5'
chr12:6833334,chr6:29717887,5'
chr1:181168227,chr6:29717887,5'
chrX:54739679,chr6:29717887,5'
chr17:60289925,chr6:29717887,5'
chr4:174568604,chr6:29717887,5'
chr4:151331837,chr6:29717887,5'
chr18:6309016,chr6:29720241,3'
chr15:48835421,chr6:29720241,3'
chr15:62689846,chr6:29933357,5'
chr1:24031257,chr6:29933357,5'
chr17:48145901,chr6:31855146,5'
chr12:52863245,chr6:31855146,5'
chr6:32597734,chr6:32594189,3'
chr20:17321741,chr6:32594189,3'
chr8:102457992,chr6:33060253,3'
chr4:68157494,chr6:38963362,5'
chr7:52322607,chr6:43581623,3'
chr22:38123998,chr6:43581623,3'
chr6:2919922,chr6:43581623,3'
chr16:30815293,chr6:47506739,5'
chr9:98067067,chr6:47506739,5'
chr3:188210678,chr6:51981366,5'
chr10:84278156,chr6:51981366,5'
chr11:36741998,chr6:51981366,5'
chr15:72244871,chr6:51981366,5'
chr21:26787621,chr6:51981366,5'
chr2:48070492,chr6:51981366,5'
chr2:211198044,chr6:51981366,5'
chr1:111205746,chr6:51981366,5'
chr18:76846113,chr6:51981366,5'
chr3:112232321,chr6:51981366,5'
chr15:30874071,chr6:51981366,5'
chr12:109247897,chr6:51981366,5'
chr11:70276270,chr6:51981366,5'
chr1:151371196,chr6:51981366,5'
chr9:127285913,chr6:51981366,5'
chr13:55228193,chr6:51981366,5'
chr5:154675360,chr6:51981366,5'
chrX:73782477,chr6:51981366,5'
chr3:22210219,chr6:51982779,5'
chr6:100746160,chr6:51982779,5'
chr19:21594873,chr6:51982779,5'
chr3:51250284,chr6:55909307,3'
chr13:42087490,chr6:56893071,3'
chr10:32113700,chr6:56893071,3'
chr6:31142266,chr6:56893071,3'
chr10:67696688,chr6:56893071,3'
chr9:132876344,chr6:56893071,3'
chr10:112195115,chr6:56893071,3'
chr16:8370225,chr6:56893071,3'
chr7:48066152,chr6:56893071,3'
chr19:41742943,chr6:56893071,3'
chr1:30959507,chr6:56893071,3'
chr8:94585414,chr6:56893071,3'
chr1:203014863,chr6:56893071,3'
chr2:169498364,chr6:56893071,3'
chr2:119406331,chr6:56895881,5'
chr19:40659218,chr6:56895881,5'
chr6:121260188,chr6:56895881,5'
chr7:5655735,chr6:87009050,5'
chr5:55487583,chr6:87009050,5'
chr18:49203871,chr6:88948271,3'
chr17:29303283,chr6:109046424,5'
chr3:10109030,chr6:109046424,5'
chr17:61906652,chr6:122847775,3'
chr8:36287166,chr6:122847775,3'
chr10:24658782,chr6:122847775,3'
chr2:238076559,chr6:122847775,3'
chr1:45393888,chr6:122848711,3'
chr1:52214683,chr6:122848711,3'
chr2:135846053,chr6:122848711,3'
chr20:3279253,chr6:122848711,3'
chr21:36331266,chr6:122848711,3'
chr20:3687435,chr6:122848711,3'
chr20:18118961,chr6:122848711,3'
chr1:212257757,chr6:122850092,5'
chr21:34546041,chr6:122850092,5'
chr17:41788751,chr6:122850092,5'
chr18:59331199,chr6:122850092,5'
chr2:201014399,chr6:122850092,5'
chr2:70197125,chr6:122850092,5'
chr1:39060546,chr6:122850092,5'
chr18:6852576,chr6:122850092,5'
chr21:31360579,chr6:122850092,5'
chr15:74873677,chr6:122850092,5'
chr2:108121000,chr6:122850092,5'
chr2:70277101,chr6:122850092,5'
chr7:20913913,chr6:122850092,5'
chr12:31413225,chr6:122850092,5'
chr19:979226,chr6:122850092,5'
chr22:35189464,chr6:122850092,5'
chr3:186902003,chr6:122850092,5'
chr5:13834125,chr6:122850092,5'
chr12:31238802,chr6:122850092,5'
chr18:46076346,chr6:122850092,5'
chr17:75943364,chr6:122850092,5'
chr12:119610802,chr6:122850092,5'
chr16:81153086,chr6:122850092,5'
chr6:106772947,chr6:122850092,5'
chr21:39908212,chr6:122850092,5'
chr15:34308298,chr6:122850092,5'
chr15:89922230,chr6:122850092,5'
chr4:158651882,chr6:122850092,5'
chr16:47968348,chr6:122850092,5'
chr1:182284643,chr6:122850092,5'
chr5:133855947,chr6:122850092,5'
chr21:36307361,chr6:122850092,5'
chr14:31190473,chr6:122850092,5'
chrX:123789012,chr6:122850092,5'
chr13:32731912,chr6:122850092,5'
chr17:60414590,chr6:122850092,5'
chr3:5169354,chr6:122850092,5'
chr1:109105570,chr6:122850092,5'
chr10:9810615,chr6:122850092,5'
chr3:124863836,chr6:122850092,5'
chr18:8457705,chr6:122850092,5'
chr2:37356327,chr6:122850092,5'
chr22:29965781,chr6:122850092,5'
chr13:43000310,chr6:122850092,5'
chr18:46227285,chr6:122850092,5'
chr2:32054141,chr6:122850092,5'
chr16:86665416,chr6:122850092,5'
chr9:76892833,chr6:122850092,5'
chr5:151775573,chr6:122850092,5'
chr12:120442599,chr6:122850092,5'
chrX:123551527,chr6:122850092,5'
chr14:39241905,chr6:122850092,5'
chr5:80836754,chr6:122850092,5'
chr11:6729256,chr6:122850092,5'
chr4:112919295,chr6:122850092,5'
chr5:43608242,chr6:122850092,5'
chr9:15424004,chr6:122850092,5'
chr3:72795805,chr6:122850092,5'
chr11:12832880,chr6:122850092,5'
chrX:123788725,chr6:122850092,5'
chr18:64764925,chr6:122850092,5'
chr12:8667668,chr6:122850092,5'
chr20:33561821,chr6:122850092,5'
chr18:21433199,chr6:122850092,5'
chr15:77479024,chr6:122850092,5'
chr12:21605461,chr6:122850092,5'
chr10:102785485,chr6:125387652,3'
chr17:42440032,chr6:125390014,5'
chr7:2672338,chr6:125390014,5'
chr6:134273751,chr6:125390014,5'
chr5:4683198,chr6:125390014,5'
chr9:87272597,chr6:125390014,5'
chr12:129917649,chr6:125390014,5'
chr1:179493844,chr6:125390014,5'
chr11:113931249,chr6:133664017,5'
chr2:240958114,chr6:133664017,5'
chr19:41731803,chr6:149785454,3'
chr11:71166490,chr6:149785454,3'
chr7:16819166,chr22:23853769,5'
chr12:26849580,chr22:23853769,5'
chr3:42817608,chr22:23853769,5'
chr6:111922055,chr22:23853769,5'
chr1:88905563,chr22:23853769,5'
chr15:71047599,chr22:23853769,5'
chr16:68035689,chr22:23853769,5'
chr3:66374012,chr22:23853769,5'
chr8:60633047,chr22:23853769,5'
chr19:18851477,chr22:23853769,5'
chr8:143765193,chr22:23853769,5'
chr6:110983213,chr22:23853769,5'
chr10:14777590,chr22:23853769,5'
chr17:57872457,chr22:23855090,5'
chr2:218372811,chr22:23855090,5'
chr15:90357016,chr22:23855090,5'
chr10:49724223,chr22:23856324,3'
chr4:180426740,chr22:23856324,3'
chr2:152169588,chr22:23856324,3'
chr1:230705228,chr22:23856324,3'
chr1:25339342,chr22:23856324,3'
chr5:40786990,chr22:23856324,3'
chr20:50719876,chr22:23856324,3'
chr19:52679734,chr22:23856324,3'
chr10:21456482,chr22:23856324,3'
chr15:89976968,chr22:29644235,3'
chr6:42561343,chr22:38805907,5'
chr17:30826661,chr22:38808204,3'
chr16:12307075,chr22:40500318,5'
chr17:30397883,chr22:40500318,5'
chr14:64957230,chr22:40500318,5'
chr22:42669035,chr22:40500318,5'
chr6:162013783,chr22:40500318,5'
chr9:121330440,chr22:40502629,3'
chr8:114138847,chr22:40502629,3'
chr4:919705,chr22:40502629,3'
chr3:122034481,chr22:40536336,5'
chr12:131803529,chr22:40536336,5'
chr15:66641570,chr22:40536336,5'
chr1:54658614,chr22:40538374,3'
chr11:86339510,chr22:40538374,3'
chr17:8370870,chr22:40538374,3'
chr9:120688891,chr22:40538374,3'
chr12:19449735,chr22:40538374,3'
chr4:67518739,chr22:40538374,3'
chr1:27991773,chr22:40538374,3'
chr20:63635471,chr22:40538374,3'
chr7:129330788,chr22:40743991,3'
chr4:43772924,chr22:40743991,3'
chr7:158856251,chr22:40743991,3'
chr12:123246733,chr22:40743991,3'
chr14:46600136,chr22:40743991,3'
chr6:10657839,chr22:40746505,5'
chr17:59310842,chr22:40746505,5'
chr11:85853817,chr22:42982840,3'
chr9:125396717,chr16:2801445,3'
chr1:150789098,chr16:5202721,3'
chr19:38765447,chr16:5203626,5'
chr10:101795923,chr16:14533434,3'
chr2:134931262,chr16:16618364,3'
chr4:84554769,chr16:19003951,5'
chr12:48892962,chr16:28415849,5'
chr4:10192840,chr16:28415849,5'
chr15:73550768,chr16:28699425,5'
chr1:182516989,chr16:30168421,5'
chr15:77066407,chr16:30168421,5'
chr1:88928213,chr16:30170743,3'
chr12:102085991,chr16:31103567,5'
chr13:49350260,chr16:31103567,5'
chr19:49813838,chr16:31103567,5'
chr3:142400938,chr16:31104717,5'
chr1:26939864,chr16:47001044,3'
chr20:32745965,chr16:56740830,5'
chr14:102587956,chr16:56740830,5'
chr15:58644556,chr16:56740830,5'
chr4:169304337,chr16:56740830,5'
chr3:178222058,chr16:56740830,5'
chr15:77209188,chr16:56740830,5'
chr6:28045365,chr16:56740830,5'
chr3:10238688,chr16:70050555,5'
chr22:47117761,chr16:70050555,5'
chr19:15076421,chr16:70051770,5'
chr12:42951967,chr16:70052752,3'
chr2:20069753,chr16:70203795,5'
chr12:8663973,chr16:70203795,5'
chr22:30112214,chr16:70203795,5'
chr3:17035395,chr16:70203795,5'
chr1:162429646,chr16:70203795,5'
chr6:34379723,chr16:70203795,5'
chr3:195426446,chr16:70203795,5'
chr3:47224357,chr16:70203795,5'
chr10:120216573,chr16:85808726,3'
chr4:157589030,chr4:1827271,5'
chrX:14363478,chr4:48364502,5'
chr15:27002744,chr4:67382109,3'
chrX:139891509,chr4:76916069,5'
chr16:231067,chr4:76916069,5'
chr1:241741467,chr4:76916069,5'
chr8:58592223,chr4:76916069,5'
chr5:140434241,chr4:76918781,3'
chr17:29063313,chr4:76918781,3'
chr18:47119302,chr4:76918781,3'
chr18:3377281,chr4:76918781,3'
chr7:158683614,chr4:76918781,3'
chr4:76966502,chr4:78007895,3'
chr2:207877815,chr4:83184334,3'
chr10:125731795,chr4:108409009,5'
chr9:36642589,chr4:150658712,5'
chrX:120133407,chr4:150658712,5'
chr3:128710061,chr4:150658712,5'
chr12:6530621,chr4:150658712,5'
chr19:3129989,chr4:150658712,5'
chr7:148989848,chr4:150658712,5'
chr13:38345031,chr4:150658712,5'
chr10:34337574,chr4:150658712,5'
chr3:3206920,chr4:150658712,5'
chr14:77441029,chr4:150658712,5'
chr12:49214946,chr4:150658712,5'
chr19:34301318,chr4:150658712,5'
chr9:129984994,chr4:150658712,5'
chr15:82930675,chr4:150658712,5'
chr3:99011552,chr4:151390061,5'
chr1:38152320,chr4:151390061,5'
chr8:140481167,chr4:157637239,3'
chr1:92753376,chr4:157637880,5'
chr20:35711130,chr4:157637880,5'
chr2:54155781,chr4:157637880,5'
chr5:79194847,chr4:157637880,5'
chr8:102395150,chr4:157637880,5'
chr21:25627985,chr4:157637880,5'
chr19:55637212,chr4:157637880,5'
chr11:94300372,chr4:157637880,5'
chr1:161140875,chr4:157637880,5'
chr16:27635859,chr4:159940320,5'
chr7:72203342,chr4:165019251,3'
chr2:207762276,chr4:183818115,3'
chr1:100270189,chr5:32207618,5'
chr9:13690187,chr5:32207618,5'
chrX:53503129,chr5:34304997,3'
chr7:80914418,chr5:43086299,3'
chr1:186631811,chr5:43088948,5'
chr7:135266768,chr5:43089801,5'
chr4:53140392,chr5:56257789,3'
chr18:79071889,chr5:56397356,3'
chr12:98657062,chr5:75269387,5'
chr16:86826651,chr5:76172965,3'
chr7:20891446,chr5:76172965,3'
chr10:88833266,chr5:76172965,3'
chr10:73195031,chr5:76172965,3'
chr1:236330893,chr5:76172965,3'
chr20:32944778,chr5:76173764,3'
chr9:122785880,chr5:76173764,3'
chr15:53054253,chr5:76812243,5'
chr12:110950750,chr5:76985298,3'
chr14:23227115,chr5:77044122,3'
chr19:1530297,chr5:78098047,3'
chr18:9311895,chr5:82138948,5'
chr3:146412798,chr5:82138948,5'
chr20:6302546,chr5:82138948,5'
chr2:88404443,chr5:82138948,5'
chr19:37546715,chr5:82138948,5'
chr10:53389177,chr5:82138948,5'
chr2:42546959,chr5:82138948,5'
chr17:3297186,chr5:82138948,5'
chr8:61853702,chr5:82138948,5'
chr7:105930392,chr5:82138948,5'
chr6:37309554,chr5:82138948,5'
chr2:222817361,chr5:109342408,3'
chr1:50002096,chr5:109343203,3'
chr22:21848438,chr5:109832160,3'
chr2:69734688,chr5:133109753,5'
chr7:127656955,chr5:133109753,5'
chrX:1270896,chr5:139225259,5'
chr12:56711032,chr5:142074864,3'
chr6:24549168,chr5:142074864,3'
chr6:19941149,chr5:142075582,3'
chr6:45309260,chr5:142077253,5'
chr4:39548789,chr5:142077253,5'
chr19:4337398,chr5:142077253,5'
chr20:56697898,chr5:142077253,5'
chr13:81793562,chr5:142077253,5'
chr1:58673188,chr5:142077253,5'
chr21:35262231,chr5:167858930,5'
chr7:73806830,chr5:167858930,5'
chr4:75780567,chr5:167858930,5'
chr7:128331712,chr5:167858930,5'
chr4:163666436,chr5:167860423,3'
chr11:112208430,chr5:167860423,3'
chr7:105096600,chr5:167860423,3'
chr2:64641014,chr5:167860423,3'
chr5:37530649,chr5:168644270,5'
chr2:121929837,chr5:171930707,5'
chr18:57713756,chr5:176306456,3'
chr19:4378184,chr5:176433284,5'
chr11:77870677,chr5:176961066,5'
chr19:23036722,chr5:176963094,3'
chr10:119019862,chr5:176963094,3'
chr8:55932317,chr5:176963094,3'
chr1:150119286,chr5:176963094,3'
chr11:125588865,chr5:176963094,3'
chr15:76827890,chr5:176963094,3'
chr10:94347590,chr5:176963094,3'
chr10:119001471,chr5:176963094,3'
chr1:154138474,chr5:176963094,3'
chr18:21955429,chr5:176963094,3'
chr21:21374904,chr5:176963094,3'
chr1:99476869,chr5:176963094,3'
chr14:50155047,chr5:176963094,3'
chr16:87081362,chr5:176963094,3'
chr3:51866663,chr5:176963094,3'
chr12:41987271,chr5:176963094,3'
chr6:138652738,chr5:176963094,3'
chr8:127613044,chr5:176963094,3'
chr9:130399337,chr5:176963094,3'
chr10:132300294,chr5:176963094,3'
chr22:37601072,chr5:176963094,3'
chr8:107028472,chr5:176963094,3'
chr6:89019567,chr5:176963094,3'
chr20:303210,chr5:176963094,3'
chr3:12623797,chr5:176963094,3'
chr15:52353707,chr5:176963094,3'
chrX:154550432,chr5:176963094,3'
chr5:40635940,chr5:176963094,3'
chr18:51729908,chr5:176963094,3'
chr19:21615503,chr5:180530573,3'
chr7:151547911,chr18:513053,3'
chr5:113114987,chr18:49576999,3'
chr14:39077768,chr18:49578949,5'
chr2:228380301,chr18:49578949,5'
chr22:46554277,chr18:54342427,5'
chr1:51503675,chr18:54342427,5'
chr16:46605594,chr18:54342427,5'
chr3:121312368,chr15:27003886,5'
chr8:43070774,chr15:39895104,5'
chr6:34968764,chr15:41381880,5'
chr22:28814422,chr15:41381880,5'
chr7:147730915,chr15:41382697,5'
chr20:5287763,chr15:43075979,5'
chr12:15864456,chr15:56109593,5'
chr8:109944476,chr15:60365980,5'
chr5:172377986,chr15:71770297,5'
chr11:86197662,chr15:71770297,5'
chr16:19964847,chr15:75480627,5'
chr6:31923803,chr15:75480627,5'
chr7:130117300,chr15:75480627,5'
chr1:212104936,chr15:75480627,5'
chr2:44858915,chr15:75480627,5'
chr20:53101947,chr15:75480627,5'
chr16:68452324,chr15:75480627,5'
chr4:109424027,chr15:75480627,5'
chr12:1891890,chr15:75480627,5'
chr11:6986697,chr15:75480627,5'
chr11:68532998,chr15:75482394,3'
chr3:105979801,chr15:75483210,3'
chr17:42361770,chr15:75504847,3'
chr8:134793362,chr15:88554011,5'
chr5:52624349,chr15:88554011,5'
chr14:75270384,chr15:88554011,5'
chr17:43473418,chr15:88554011,5'
chr2:232612400,chr15:88554011,5'
chr16:67578276,chr15:88554011,5'
chr9:137002308,chr15:89855872,3'
chr15:80339095,chr15:89855872,3'
chr18:22388315,chr15:89855872,3'
chr4:182892080,chr15:89855872,3'
chr10:68220232,chr15:89855872,3'
chr6:18472222,chr15:89855872,3'
chr12:5421149,chr15:89866978,5'
chr13:45225400,chr15:89866978,5'
chr10:74716397,chr15:89866978,5'
chr3:133008575,chr15:89866978,5'
chr10:110881712,chr15:89866978,5'
chr1:113142348,chr15:89866978,5'
chr1:113009954,chr15:89866978,5'
chr1:93675240,chr15:89866978,5'
chr18:12901909,chr15:89866978,5'
chr22:42978233,chr15:89866978,5'
chrX:136294307,chr15:89866978,5'
chr11:18401976,chr15:89866978,5'
chr12:31376159,chr15:89869055,3'
chr10:72640547,chr15:89869055,3'
chr3:124638552,chr21:8169395,5'
