	AFR	AMR	CAS	EAS	EUR	OCN	SAS	WAS
chr1_11770151	0.09	0.06	0.22	0.11	0.1	0.07	0.19	0.02
chr1_37775710	0.84	0.6	0.61	0.8	0.55	0.82	0.65	0.62
chr1_64384496	0.31	0.52	0.61	0.66	0.63	0.67	0.58	0.58
chr1_88507142	0.17	0.41	0.07	0.1	0.34	0.3	0.23	0.2
chr1_111353551	0.5	0.21	0.26	0.55	0.39	0.26	0.61	0.47
chr1_165892146	0.3	0.42	0.33	0.49	0.29	0.5	0.23	0.32
chr1_168451690	0.12	0.3	0.15	0.42	0.16	0.17	0.2	0.08
chr1_182305180	0.28	0.6	0.11	0.26	0.67	0.57	0.54	0.63
chr1_236374895	0.3	0.22	0.24	0.36	0.26	0.45	0.19	0.26
chr1_241980544	0.02	0.07	0.11	0.07	0.13	0.33	0.07	0.1
chr2_9580535	0.08	0.03	0.0	0.01	0.0	0.22	0.02	0.02
chr2_16783344	0.27	0.05	0.0	0.03	0.01	0.0	0.01	0.1
chr2_45082093	0.38	0.46	0.52	0.69	0.22	0.54	0.47	0.29
chr2_47582849	0.01	0.15	0.09	0.08	0.11	0.05	0.25	0.15
chr2_64911770	0.1	0.23	0.35	0.44	0.17	0.09	0.13	0.16
chr2_65519326	0.22	0.4	0.46	0.37	0.39	0.68	0.25	0.37
chr2_135415130	0.04	0.15	0.0	0.09	0.07	0.11	0.22	0.11
chr2_142822432	0.37	0.15	0.09	0.16	0.19	0.03	0.27	0.19
chr2_156449856	0.02	0.04	0.0	0.08	0.06	0.04	0.06	0.2
chr2_169685706	0.02	0.1	0.13	0.05	0.14	0.32	0.11	0.19
chr2_174087491	0.08	0.11	0.07	0.02	0.2	0.16	0.09	0.22
chr2_193680303	0.47	0.28	0.02	0.31	0.4	0.11	0.29	0.45
chr2_208168760	0.48	0.4	0.35	0.54	0.19	0.14	0.3	0.27
chr2_219270687	0.2	0.02	0.15	0.09	0.02	0.07	0.01	0.02
chr3_12654718	0.25	0.4	0.59	0.86	0.42	0.24	0.7	0.47
chr3_82566425	0.17	0.07	0.09	0.0	0.16	0.0	0.1	0.21
chr3_112747857	0.28	0.04	0.15	0.19	0.08	0.04	0.26	0.08
chr3_126371344	0.58	0.28	0.31	0.31	0.46	0.34	0.4	0.41
chr3_138126527	0.52	0.7	0.63	0.57	0.66	0.38	0.59	0.7
chr3_147890048	0.4	0.38	0.33	0.49	0.29	0.82	0.29	0.35
chr3_177272376	0.2	0.6	0.52	0.57	0.49	0.67	0.36	0.4
chr3_186982842	0.16	0.19	0.3	0.39	0.1	0.26	0.13	0.16
chr3_196102676	0.04	0.16	0.13	0.16	0.09	0.24	0.16	0.02
chr4_152956	0.01	0.25	0.3	0.19	0.16	0.43	0.21	0.11
chr4_48289568	0.1	0.12	0.2	0.19	0.04	0.14	0.05	0.05
chr4_156152015	0.03	0.07	0.11	0.11	0.21	0.41	0.21	0.3
chr5_56152167	0.4	0.44	0.54	0.36	0.44	0.41	0.38	0.47
chr5_79130726	0.47	0.82	0.65	0.72	0.66	0.49	0.74	0.67
chr5_80803524	0.16	0.18	0.15	0.26	0.27	0.08	0.16	0.25
chr5_126729429	0.77	0.64	0.72	0.61	0.39	0.49	0.52	0.38
chr5_134619330	0.05	0.21	0.26	0.24	0.13	0.12	0.18	0.06
chr5_142000088	0.21	0.2	0.0	0.27	0.2	0.08	0.2	0.33
chr5_151166574	0.03	0.06	0.02	0.01	0.13	0.34	0.16	0.1
chr5_169949675	0.63	0.18	0.28	0.21	0.27	0.07	0.19	0.34
chr5_181082737	0.13	0.25	0.33	0.23	0.12	0.39	0.21	0.17
chr6_2919922	0.17	0.47	0.52	0.46	0.35	0.26	0.28	0.38
chr6_31329005	0.72	0.5	0.39	0.46	0.58	0.34	0.61	0.67
chr6_31329617	0.73	0.52	0.43	0.47	0.59	0.34	0.63	0.69
chr6_32546835	0.14	0.16	0.06	0.07	0.21	0.0	0.14	0.16
chr6_33062525	0.56	0.25	0.15	0.63	0.17	0.54	0.34	0.19
chr6_34699689	0.34	0.09	0.06	0.12	0.15	0.14	0.1	0.16
chr6_36945969	0.2	0.11	0.0	0.01	0.19	0.0	0.09	0.21
chr6_44146439	0.01	0.12	0.22	0.23	0.11	0.14	0.11	0.04
chr6_100746160	0.26	0.5	0.57	0.48	0.48	0.57	0.27	0.53
chr6_110956985	0.11	0.03	0.28	0.35	0.03	0.41	0.06	0.01
chr6_121836260	0.45	0.07	0.17	0.27	0.05	0.41	0.09	0.12
chr6_132706868	0.24	0.2	0.15	0.13	0.05	0.36	0.26	0.07
chr6_136697601	0.28	0.03	0.0	0.0	0.0	0.0	0.0	0.02
chr6_144694251	0.02	0.09	0.04	0.41	0.07	0.09	0.18	0.12
chr6_153108701	0.31	0.23	0.54	0.66	0.31	0.34	0.48	0.34
chr6_158217807	0.27	0.39	0.44	0.41	0.08	0.3	0.18	0.1
chr6_161950986	0.4	0.15	0.28	0.15	0.17	0.12	0.24	0.32
chr7_52054844	0.23	0.04	0.0	0.0	0.05	0.05	0.05	0.12
chr8_22021592	0.25	0.11	0.15	0.33	0.07	0.13	0.07	0.07
chr8_60567703	0.23	0.02	0.0	0.0	0.01	0.01	0.09	0.05
chr8_68758757	0.07	0.1	0.22	0.47	0.05	0.32	0.19	0.04
chr8_108123693	0.15	0.24	0.11	0.11	0.25	0.05	0.29	0.25
chr9_33130550	0.46	0.17	0.22	0.49	0.25	0.14	0.28	0.26
chr9_34703688	0.06	0.28	0.13	0.07	0.31	0.05	0.34	0.28
chr9_76997977	0.34	0.13	0.11	0.09	0.08	0.16	0.11	0.1
chr9_104844306	0.0	0.07	0.17	0.3	0.04	0.33	0.1	0.06
chr9_131414409	0.43	0.72	0.83	0.92	0.79	0.82	0.9	0.82
chr10_3041561	0.65	0.5	0.3	0.31	0.65	0.38	0.55	0.78
chr10_68220232	0.24	0.02	0.0	0.0	0.0	0.0	0.0	0.02
chr10_68475190	0.02	0.24	0.28	0.13	0.1	0.04	0.24	0.11
chr10_69213563	0.08	0.11	0.09	0.03	0.21	0.0	0.11	0.09
chr10_80627643	0.06	0.35	0.35	0.25	0.21	0.47	0.2	0.22
chr11_5105715	0.1	0.26	0.37	0.37	0.17	0.24	0.19	0.14
chr11_8818099	0.36	0.82	0.61	0.64	0.72	0.11	0.62	0.66
chr11_9082987	0.02	0.2	0.37	0.46	0.24	0.11	0.2	0.25
chr11_11926961	0.04	0.24	0.17	0.16	0.3	0.0	0.24	0.27
chr11_62074341	0.23	0.23	0.09	0.19	0.23	0.09	0.24	0.28
chr11_66394633	0.19	0.66	0.54	0.54	0.59	0.45	0.71	0.54
chr11_72278302	0.22	0.08	0.09	0.15	0.04	0.04	0.06	0.08
chr11_125589080	0.15	0.08	0.0	0.01	0.14	0.0	0.06	0.21
chr12_425298	0.36	0.05	0.0	0.05	0.0	0.11	0.01	0.08
chr12_4633739	0.41	0.17	0.17	0.41	0.16	0.59	0.4	0.2
chr12_14170514	0.11	0.19	0.11	0.35	0.29	0.14	0.25	0.34
chr12_50604179	0.07	0.21	0.43	0.38	0.03	0.3	0.14	0.03
chr12_58635299	0.61	0.55	0.5	0.46	0.66	0.14	0.61	0.67
chr13_35751189	0.48	0.14	0.37	0.45	0.2	0.24	0.27	0.23
chr13_51161125	0.12	0.37	0.5	0.76	0.35	0.49	0.46	0.27
chr13_52123839	0.0	0.02	0.0	0.01	0.04	0.21	0.08	0.04
chr13_53965792	0.27	0.16	0.06	0.06	0.17	0.08	0.21	0.15
chr13_81793562	0.78	0.8	0.93	0.99	0.87	1.0	0.91	0.84
chr14_20707961	0.26	0.55	0.26	0.22	0.57	0.33	0.41	0.42
chr14_34704350	0.48	0.15	0.22	0.2	0.15	0.13	0.28	0.28
chr14_39064009	0.07	0.25	0.24	0.31	0.31	0.16	0.29	0.13
chr14_81320429	0.82	0.76	0.74	0.6	0.79	0.26	0.77	0.78
chr14_92153061	0.2	0.3	0.46	0.54	0.16	0.12	0.25	0.14
chr15_45697063	0.04	0.02	0.0	0.07	0.07	0.41	0.07	0.38
chr15_45697481	0.38	0.35	0.61	0.56	0.51	0.55	0.53	0.53
chr15_60365044	0.1	0.3	0.0	0.15	0.14	0.28	0.14	0.37
chr15_63477827	0.05	0.15	0.15	0.17	0.33	0.3	0.33	0.26
chr15_70547226	0.19	0.1	0.2	0.28	0.18	0.25	0.38	0.12
chr15_71768267	0.05	0.18	0.24	0.06	0.19	0.01	0.15	0.21
chr15_72136446	0.0	0.1	0.0	0.0	0.0	0.29	0.0	0.0
chr16_11139019	0.0	0.35	0.15	0.04	0.0	0.0	0.0	0.0
chr16_74811108	0.32	0.23	0.19	0.28	0.47	0.28	0.36	0.49
chr16_75469417	0.12	0.57	0.35	0.51	0.47	0.14	0.4	0.52
chr17_4018987	0.29	0.01	0.0	0.0	0.0	0.0	0.0	0.01
chr17_5055892	0.82	0.88	0.22	0.85	0.85	0.41	0.84	0.9
chr17_16359787	0.38	0.11	0.11	0.08	0.02	0.11	0.06	0.06
chr17_33737479	0.16	0.3	0.06	0.1	0.27	0.21	0.2	0.19
chr17_43409596	0.35	0.37	0.17	0.21	0.23	0.5	0.28	0.23
chr17_46076598	0.02	0.13	0.04	0.0	0.23	0.0	0.06	0.23
chr17_65435349	0.15	0.01	0.19	0.24	0.0	0.12	0.02	0.01
chr17_76323179	0.44	0.33	0.0	0.19	0.17	0.12	0.31	0.29
chr17_78175213	0.21	0.3	0.19	0.15	0.03	0.01	0.1	0.07
chr17_82802101	0.31	0.33	0.59	0.37	0.42	0.12	0.34	0.4
chr18_49810930	0.56	0.32	0.28	0.28	0.56	0.18	0.37	0.62
chr19_9143959	0.0	0.0	0.0	0.0	0.0	0.26	0.0	0.0
chr19_18724789	0.43	0.49	0.22	0.62	0.33	0.68	0.37	0.18
chr19_19985102	0.05	0.14	0.24	0.18	0.02	0.18	0.06	0.04
chr19_20405184	0.43	0.57	0.3	0.57	0.36	0.34	0.38	0.3
chr19_23828483	0.9	0.99	1.0	1.0	1.0	0.95	1.0	1.0
chr19_23845119	0.9	0.99	1.0	1.0	1.0	1.0	1.0	1.0
chr19_43873778	0.26	0.03	0.0	0.0	0.0	0.0	0.0	0.01
chr19_44490068	0.05	0.17	0.13	0.13	0.07	0.09	0.15	0.2
chr19_46833482	0.11	0.12	0.02	0.09	0.18	0.25	0.06	0.09
chr20_4102183	0.16	0.54	0.44	0.41	0.61	0.42	0.57	0.56
chr20_5287763	0.56	0.48	0.54	0.65	0.51	0.71	0.55	0.48
chr20_38386708	0.21	0.02	0.0	0.0	0.0	0.0	0.0	0.04
chr20_44676840	0.1	0.08	0.17	0.19	0.16	0.01	0.21	0.19
chr20_45710730	0.0	0.14	0.22	0.02	0.02	0.25	0.01	0.0
chr20_52091833	0.06	0.3	0.13	0.24	0.18	0.01	0.41	0.22
chr21_25791294	0.12	0.09	0.07	0.03	0.06	0.46	0.1	0.18
chr22_49029644	0.66	0.88	0.74	0.66	0.78	0.88	0.71	0.69
chrX_26904245	0.1	0.14	0.17	0.32	0.28	0.39	0.34	0.22
chrX_123789012	0.3	0.03	0.0	0.0	0.0	0.0	0.0	0.02
